Account Name,Industry,Employee range,State (Bill to Address) (Address),Website,Main Phone,LinkedIn Company ID,SFDC ID,Status Result
CES Transformers,Utilities Administration,51-200,ON,cestransformers.com,+1 905-474-0777,99358618.0,0016Q00001idvlCQAQ,No clear status found
Cypress Holdings Ltd,"Appliances, Electrical, and Electronics Manufacturing",201-500,TX,http://www.cypressindustries.com/,+1 512-637-2540,73449.0,0016000000skQtEAAU,No clear status found
Getaccept Inc.,Software Development,10-Feb,CA,http://www.getaccept.com,+1 323-870-1200,10154116.0,0010d00001JB8GnAAL,No clear status found
"Coleman World Group, L.L.C.",Truck Transportation,1001-5000,AL,http://www.colemanwg.com,+1 334-803-8888,948871.0,0016000000m47VQAAY,No clear status found
Conestoga Wood Specialties Corporation,Wholesale Building Materials,1001-5000,PA,http://www.conestogawood.com,+1 717-445-6701,88888.0,0016000000Q8H5XAAV,No clear status found
Insight Equity Holdings LLC,Investment Management,1001-5000,TX,http://www.insightequity.com,+1 817-488-7775,103424.0,0016000000Q8IOCAA3,No clear status found
"Freezing Point, LLC",Food and Beverage Services,Nov-50,UT,http://www.frazil.com,+1 801-940-7205,9853153.0,0013200001GNpgaAAD,No clear status found
Continental Grain Company Corp.,Investment Management,10001+,NY,http://continentalgrain.com/,+1 212-207-5100,1844363.0,0016000000Q8J59AAF,No clear status found
"Campus Apartments, LLC",Real Estate,501-1000,PA,http://www.campusapartments.com,+1 215-243-7000,58452.0,0016000000QAiKxAAL,No clear status found
Westmont Hospitality Management Limited,Hospitality,51-200,ON,http://www.whg.com,+1 905-629-3400,30785.0,0016000000T9PY6AAN,No clear status found
Impact Group,Human Resources Services,51-200,MO,http://www.impactgrouphr.com,+1 314-453-9002,164328.0,0016000000UiBiPAAV,No clear status found
"Canadian Press, The",Online Audio and Video Media,201-500,ON,http://www.thecanadianpress.com,+1 416-507-2074,27448.0,0016000000T9SB0AAN,No clear status found
"Telluride Ski & Golf Company, Lllp",Travel Arrangements,201-500,CO,http://www.tellurideskiresort.com,+1 970-728-3856,107582.0,0016000000T9SS8AAN,No clear status found
Burnbrae Farms Limited,Food and Beverage Manufacturing,501-1000,ON,http://www.burnbraefarms.com,+1 613-345-5651,806776.0,0016000000Ukq5LAAR,No clear status found
Janus Automation,Automation Machinery Manufacturing,201-500,PA,http://www.janusautomation.com,+1 412-928-1787,403578.0,0016000000VuwHNAAZ,No clear status found
"Wurtec, Incorporated",Construction,51-200,OH,http://www.wurtec.com,+1 419-726-1066,251217.0,0016000000dCJvaAAG,No clear status found
"Medrio, Inc.",Software Development,51-200,CA,http://www.medrio.com,+1 415-963-3700,132347.0,0016000000eveISAAY,No clear status found
"Clark Construction Company, Inc.",Construction,51-200,MI,http://www.clarkcc.com,+1 517-372-0940,564485.0,0016000000ex4YxAAI,No clear status found
Prolim Global Corporation,IT Services and IT Consulting,201-500,MI,http://www.prolim.com,+1 888-977-6546,2261227.0,0016000000flrSUAAY,No clear status found
Dreamhost,"Technology, Information and Internet",51-200,CA,https://www.dreamhost.com/,+1 714-408-1372,113790.0,0016000000UiA6xAAF,No clear status found
Mark Realty LLC,Real Estate,1001-5000,NJ,http://www.realtymarkllc.com,+1 856-457-4900,4773258.0,0010d00001JSSLYAA5,No clear status found
"Associated Agencies, Inc.",Insurance,51-200,IL,http://www.associated.cc,+1 847-427-8400,251160.0,0016000000husYqAAI,No clear status found
Joor,"Technology, Information and Internet",51-200,NY,http://www.joor.com,+1 212-673-3970,1982654.0,0016000000hxj89AAA,No clear status found
"OEP Capital Advisors, L.P.",Venture Capital and Private Equity Principals,10001+,NY,http://www.oneequity.com,+1 212-277-1500,47363.0,0016000000j6YmAAAU,No clear status found
1007937 Ontario Inc,Events Services,10-Feb,ON,http://odysseymedical.ca,+1 866-335-7600,10310564.0,0010d00001JkwmkAAB,No clear status found
i3 Broadband,Telecommunications,51-200,IL,http://www.i3broadband.com,+1 309-689-0711,22298142.0,0010d00001Jn4pUAAR,No clear status found
"FCI Constructors, Inc.",Construction,201-500,CO,http://www.fciol.com,+1 970-434-9093,812161.0,0016000000lboQrAAI,No clear status found
Air Treatment Corporation,Industrial Machinery Manufacturing,51-200,CA,http://www.airtreatment.com,+1 909-869-7975,683496.0,0016000000lc9hRAAQ,No clear status found
Gustave A. Larson Company,Wholesale,201-500,WI,https://www.galarson.com,+1 262-542-0200,711806.0,0016000000OonrNAAR,No clear status found
"Clarion Capital Partners, LLC",Financial Services,1001-5000,NY,http://www.clarion-capital.com/,+1 212-821-0111,1178164.0,0016000000j7g91AAA,No clear status found
Great Place to Work,Business Consulting and Services,51-200,CA,http://www.greatplacetowork.com,+1 415-503-1234,28924.0,0016000000T9RnVAAV,No clear status found
"ELM ENTERPRISES, L.L.C.",Utilities,1001-5000,IL,http://elmllc.com,+1 309-671-4300,331887.0,0016000000Q8FlWAAV,No clear status found
"Wood-Mode, Incorporated",Design Services,10001+,PA,http://www.woodmode.com,+1 570-374-2711,877945.0,0016000000Q8G7ZAAV,No clear status found
"United Refining, Inc.",Oil and Gas,1001-5000,PA,http://urc.com,+1 814-723-1500,765836.0,0016000000vcQA1AAM,No clear status found
Blj Worldwide Ltd.,Public Relations and Communications Services,Nov-50,NY,http://www.bljworldwide.com,+1 212-486-7070,3204304.0,0016000000T9RbTAAV,No clear status found
"One William Street Capital Management, L.P.",Financial Services,Nov-50,NY,http://www.owslp.com,+1 212-957-2500,705070.0,0016000000T9TE2AAN,No clear status found
Allmar Inc,Construction,201-500,MB,http://www.allmar.com,+1 204-668-1000,2568778.0,0016000000ZxIG4AAN,No clear status found
Velocity Trade Holdings Ltd,Financial Services,51-200,ON,http://www.velocitytrade.com/,+1 416-640-0590,615393.0,0016000000dhoCPAAY,No clear status found
"Interra Information Technologies, Inc.",IT Services and IT Consulting,Nov-50,CA,http://www.interrait.com,+1 408-451-1700,10479.0,0016000000e7Pf1AAE,No clear status found
"Gowell International, LLC",Oil and Gas,Nov-50,TX,http://www.gowellpetro.com,1 (713) 909-2555  +1.713.329.8230,2979482.0,0016000000uwB2HAAU,No clear status found
J.W. Lindsay Enterprises Limited,Construction,201-500,NS,http://www.lindsayconstruction.ca,+1 902-468-5000,600451.0,0016000000m4JLvAAM,No clear status found
Relentless Beats LLC,Entertainment Providers,10-Feb,AZ,http://relentlessbeats.com,+1 480-525-6500,15659736.0,0010d00001JSbh6AAD,No clear status found
"Golf Genius Software, LLC",Spectator Sports,10-Feb,PA,http://www.GolfGenius.com,+1 610-254-0590,5014111.0,0010d00001JkhJwAAJ,No clear status found
"Z2 Entertainment, LLC",Musicians,10-Feb,CO,http://bouldertheater.com,+1 303-786-7030,16132428.0,0010d00001JnfnYAAR,No clear status found
Innovatus Technology Consulting,IT Services and IT Consulting,Nov-50,CA,http://innovatus-tech.com,+1 619-994-4239,18345470.0,0010d00001JtW0jAAF,No clear status found
SunEdison,Renewable Energy Semiconductor Manufacturing,5001-10000,MO,http://www.sunedisoninfra.com,+1 636-474-5814,21520.0,0016000000JwsupAAB,No clear status found
United Insurance Group Career Agent Division,Insurance,51-200,MI,http://www.uigbrokerage.com/,+1 800-878-1058,570610.0,0016000000UiBtNAAV,No clear status found
Cenveo Worldwide Limited,Printing Services,5001-10000,CT,http://www.cenveo.com,+1 203-595-3000,10156.0,0016000000Q8IuvAAF,No clear status found
"Oberweis Dairy, Inc.",Dairy Product Manufacturing,501-1000,IL,https://www.oberweis.com/,+1 630-801-6100,44991.0,0016000000Q8FBUAA3,No clear status found
"New Enterprise Stone & Lime Co., Inc.",Construction,1001-5000,PA,http://www.nesl.com,+1 814-224-6883,10110556.0,0016000000Q8GPoAAN,No clear status found
"Phil Long Dealerships, Inc.",Motor Vehicle Manufacturing,1001-5000,CO,http://phillong.com,+1 719-575-7000,119679.0,0016000000Q8JKEAA3,No clear status found
"Historic Tours of America, Inc.",Travel Arrangements,1001-5000,FL,http://www.historictours.com,+1 855-629-8777,74555.0,0016000000T9QaJAAV,No clear status found
PMA Canada Ltd,Beverage Manufacturing,51-200,ON,http://www.pmacanada.com/,+1 905-257-2116,130709.0,0016000000T9Qs2AAF,No clear status found
Richardson Group Inc.,Professional Training and Coaching,201-500,PA,http://www.richardson.com,+1 215-940-9255,54163390.0,0016000000T9UROAA3,No clear status found
"Exchangeright Real Estate, LLC",Real Estate,51-200,CA,http://www.exchangeright.com,+1 855-317-4448,3055890.0,0013200001GoXKiAAN,No clear status found
"Team Car Care, LLC.",Motor Vehicle Manufacturing,201-500,TX,http://teamcarcare.jiffylube.com,+1 972-812-7900,12609616.0,0016000000T9X7cAAF,No clear status found
"Teacher Created Materials, Inc.",Book and Periodical Publishing,51-200,CA,http://www.teachercreatedmaterials.com,+1 714-891-2273,56799.0,0016000000Ui56XAAR,No clear status found
"Stewart Talent Agency, Inc.",Entertainment Providers,10-Feb,NY,http://www.stewarttalent.com,+1 212-315-5505,108065.0,0016000000UiCGiAAN,No clear status found
"Krieg Devault Alexander & Capehart , LLP",Law Practice,51-200,IN,http://www.kriegdevault.com,+1 317-636-4341,23981.0,0016000000UiaygAAB,No clear status found
KSR International Co,Motor Vehicle Manufacturing,501-1000,ON,http://www.ksrint.com,+1 519-674-0858,584333.0,0016000000Ukq5xAAB,No clear status found
Onemarketdata LLC,IT Services and IT Consulting,51-200,NJ,http://www.onetick.com,+1 201-710-5977,581255.0,0016000000V7av7AAB,No clear status found
"Contract Lumber, Inc.",Wholesale Building Materials,201-500,OH,http://www.contractlumber.com,+1 740-927-4242,301142.0,0016000000dEZPPAA4,No clear status found
Canadian Football League,Spectator Sports,Nov-50,Ontario,https://www.cfl.ca/,+1 416-322-9650,1305678.0,0016000000degfFAAQ,No clear status found
"Emerline, Inc.",IT Services and IT Consulting,51-200,CA,https://emerline.com,+1 650-823-7564,17926099.0,0013200001I7zPaAAJ,No clear status found
"Express Kcs, Inc.",Advertising Services,10-Feb,PA,http://www.expresskcs.com,+1 412-961-8160,135906.0,0016000000e7PPJAA2,No clear status found
Broker Genius Inc.,IT Services and IT Consulting,Nov-50,NY,http://www.brokergenius.com,+1 718-865-9339,3202903.0,0013200001IfKS2AAN,No clear status found
"Quantum Market Research, Inc.",Software Development,51-200,NE,https://www.quantumworkplace.com/privacy-policy,+1 402-206-2386,350249.0,0016000000gCOrxAAG,No clear status found
Titleone Exchange Company,Real Estate,10-Feb,ID,https://www.titleonecorp.com,+1 208-424-8511,86549.0,0016000000huqwgAAA,No clear status found
HILLS BANK AND TRUST COMPANY,Banking,201-500,IA,https://www.hillsbank.com,+1 319-679-2291,81852.0,0016000000husblAAA,No clear status found
"Intellect Solutions, LLC",Computer and Network Security,51-200,VA,http://www.intellectsolutions.com,+1 877-691-7477,3078109.0,0016000000k6fbOAAQ,No clear status found
SB Partners LLP,Accounting,10-Feb,ON,http://www.sbpartners.ca,+1 905-632-5978,121995.0,0016000000lcZo4AAE,No clear status found
"Furniture Row, LLC",Retail,1001-5000,CO,http://www.furniturerow.com/fr/,+1 303-578-1073,115293.0,0016000000T9XIlAAN,No clear status found
Wiline Networks Inc.,IT Services and IT Consulting,51-200,CA,http://www.wiline.com,+1 650-525-9365,35529.0,0016000000HB6jRAAT,No clear status found
Castle Placement,Investment Banking,10-Feb,NY,http://www.castleplacement.com/,+1 212-418-1188,3694214.0,0013200001FYkl4AAD,No clear status found
"PCP MANAGERS, LP",Venture Capital and Private Equity Principals,1001-5000,CA,http://www.parthenoncapitalpartners.com,+1 617-960-4000,22331.0,0016000000Q8FWFAA3,No clear status found
PHOTRONICS INC,Semiconductor Manufacturing,1001-5000,CT,http://www.photronics.com,+1 203-775-9000,11035.0,0016000000Q8G71AAF,No clear status found
"Vps Convenience Store Group, LLC",Real Estate,10001+,NC,http://www.vpstores.com,+1 910-395-5300,340129.0,0016000000Q8GdCAAV,No clear status found
Ki Industries,Plastics Manufacturing,Nov-50,IL,http://www.kiindustries.com/,+1 708-449-1990,132853.0,0016000000Ys2iTAAR,No clear status found
Cartodb Inc.,"Technology, Information and Internet",1,NY,https://carto.com,+1 917-463-3232,5084329.0,00160000013S94LAAS,No clear status found
CONTAX Inc.,IT Services and IT Consulting,Nov-50,ON,http://www.contax.com,+1 416-927-1913,326458.0,0016000000R5o2qAAB,No clear status found
One Planet Ops Inc.,"Technology, Information and Internet",201-500,CA,http://www.oneplanetops.com,+1 925-983-2800,6629910.0,0013200001GnuTjAAJ,No clear status found
"Farouk Systems, Inc.",Personal Care Product Manufacturing,1001-5000,TX,http://www.farouk.com,+1 281-876-2000,707765.0,0016000000T9W1eAAF,No clear status found
"Fortex Corporate Communications, LLC",Advertising Services,10-Feb,NY,http://www.thegutenberg.com,+1 212-239-8475,63602.0,0016000000T9WqCAAV,No clear status found
US Cloud Lc,IT Services and IT Consulting,Nov-50,MO,www.uscloud.com/,+1 800-200-8440,24999191.0,0016000000UiAB5AAN,No clear status found
CSIG Holding,Business Consulting and Services,10-Feb,IL,http://www.csig.com,+1 312-431-0450,55614.0,0016000000UiBQnAAN,No clear status found
Macaroni Kid LLC,Online Audio and Video Media,51-200,NY,http://www.macaronikid.com,+1 631-726-1412,392569.0,0016000000UiCBFAA3,No clear status found
"Automated Systems Design, Inc.",IT Services and IT Consulting,Nov-50,GA,http://www.asd-usa.com,+1 770-740-2300,223109.0,0016000000UiCNlAAN,No clear status found
Thermo Design Engineering Ltd,Oil and Gas,501-1000,AB,http://www.thermodesign.com,+1 780-440-6064,881684.0,0016000000WgomuAAB,No clear status found
Big Night Entertainment,Hospitality,10-Feb,MA,http://www.bneg.com,+1 617-338-4343,1036403.0,0016000000dDfTKAA0,No clear status found
Ortholite,Manufacturing,10-Feb,MA,http://ortholite.com,+1 413-253-0208,863775.0,0013200001HZ8AVAA1,No clear status found
Alexco Resource Corp,Environmental Services,51-200,BC,http://www.ensero.com,+1 604-633-4888,961340.0,0016000000eVlDWAA0,No clear status found
Owl Labs Inc,Telecommunications,51-200,MA,https://www.owllabs.com/,+1 941-928-2621,12903786.0,0013200001IfKdAAAV,No clear status found
Adeptia Inc.,Software Development,Nov-50,IL,https://adeptia.com,+1 312-229-1727 ext. 111,79129.0,0016000000hurduAAA,No clear status found
Leoch Battery Corporation,"Appliances, Electrical, and Electronics Manufacturing",10001+,CA,http://www.leoch.us,+1 949-588-5853,1594743.0,0016000000k7TE7AAM,No clear status found
"G.A. West & Co., Inc.",Construction,501-1000,AL,http://www.gawest.com,+1 251-679-1965,702394.0,0016000000Q8ET6AAN,No clear status found
EC Innovations USA Inc,Translation and Localization,10-Feb,DE,http://www.ECInnovations.com,+1 773-754-8208,1968866.0,0016000000slBKdAAM,No clear status found
Auto Warehousing Co.,Motor Vehicle Manufacturing,501-1000,WA,http://www.autowc.com,+1 253-922-0540,279550.0,0016000000Q8GlmAAF,No clear status found
"Warehouse Home Furnishings Distributors, Inc.",Retail,1001-5000,GA,http://www.farmersfurniture.com,+1 800-456-0424,10334571.0,0016000000Q8GuQAAV,No clear status found
"Peter Piper, Inc.",Restaurants,1001-5000,AZ,http://www.peterpiperpizza.com,+1 480-609-6400,93632.0,0016000000Q8I1vAAF,No clear status found
"SIZZLING PLATTER, LLC",Restaurants,1001-5000,UT,http://www.sizzlingplatter.com,+1 801-268-3400,841866.0,0016000000Q8I9RAAV,No clear status found
"Mimeo.com, Inc.","Technology, Information and Internet",201-500,NY,http://www.mimeo.com,+1 212-847-3000,12469.0,0016000000T9RxQAAV,No clear status found
"ASTADIA, INC.",IT Services and IT Consulting,201-500,NH,http://astadia.com,+1 877-727-8234,34357.0,0016000000T9SAnAAN,No clear status found
Primary Wave Music,Musicians,Nov-50,NY,http://www.primarywave.com,+1 212-387-9030,881265.0,0016000000T9WvRAAV,No clear status found
"Roth Capital Partners, LLC",Investment Banking,51-200,CA,http://www.roth.com,+1 949-720-5700,19644.0,0016000000T9XScAAN,No clear status found
FIELD WROK CHICAGO DOWNTOWN,Market Research,51-200,IL,http://www.fieldwork.com,+1 312-285-2040,51698.0,0016000000Ui4URAAZ,No clear status found
"Surya, Inc.",Manufacturing,10-Feb,GA,http://www.surya.com,+1 877-275-7847,283252.0,0016000000V7Zk3AAF,No clear status found
Midwest Holding Inc.,Financial Services,Nov-50,NE,http://www.midwestholding.com,+1 402-489-8266,1939425.0,0016000000V9S6VAAV,No clear status found
"Forum Ventures, LLC",Venture Capital and Private Equity Principals,10-Feb,CA,http://www.acceleprise.vc,+1 206-799-3945,3766769.0,0013200001Gp7qyAAB,No clear status found
"Morris, Nichols, Arsht & Tunnell LLP",Law Practice,51-200,DE,http://www.mnat.com,+1 302-658-9200,64288.0,0016000000VuwU4AAJ,No clear status found
"Cornerstone Research Group, Incorporated",Defense and Space Manufacturing,51-200,OH,http://www.crgrp.com/,+1 937-320-1877,335391.0,0016000000ZyeOgAAJ,No clear status found
Melink Corporation,Renewable Energy Semiconductor Manufacturing,51-200,OH,http://www.melinkcorp.com,+1 513-965-7300,75987.0,0016000000aDlarAAC,No clear status found
William Vaughan Company,Accounting,51-200,OH,http://www.wvco.com,+1 419-891-1040,238347.0,0016000000cRoJEAA0,No clear status found
Sweyer Property Management,Real Estate,Nov-50,NC,http://www.wilmingtonforrent.com/,+1 910-256-3031,5674316.0,0013200001HVoMYAA1,No clear status found
DFCU Financial.,Banking,201-500,MI,http://www.dfcufinancial.com,+1 313-336-2700,73445.0,0016000000e9UODAA2,No clear status found
North Shore Bank,Banking,501-1000,WI,http://www.northshorebank.com,+1 262-797-3858,25042.0,0016000000Ui4vTAAR,No clear status found
EQ3 Ltd,Furniture and Home Furnishings Manufacturing,201-500,MB,http://www.eq3.com,+1 204-957-8018,46519.0,0016000000lbw7RAAQ,No clear status found
"FNBT HQ, LLC",Banking,10-Feb,TX,https://www.1stnb.com/,+1 254-554-6699,18970175.0,0016000000MFwNbAAL,No clear status found
Gate Petroleum Company,Retail,1001-5000,FL,www.gatepetro.com,+1 904-737-7220,102397.0,0016000000Q8IAuAAN,No clear status found
"Town Pump, Inc.",Retail,1001-5000,MT,http://www.townpump.com/,+1 406-497-6700,9395783.0,0016000000Q8GyqAAF,No clear status found
"Fisher Auto Parts, Inc.",Motor Vehicle Manufacturing,1001-5000,VA,http://www.fisherautoparts.com,+1 540-885-8901,1984779.0,0016000000Q8H4rAAF,No clear status found
Herbst Enterprises Inc,Motor Vehicle Manufacturing,Nov-50,NV,http://www.terribleherbst.com,+1 702-798-6400,101852.0,0016000000Q8I3aAAF,No clear status found
"Hungry Man, Inc.",Entertainment Providers,Nov-50,NY,http://hungryman.com/,+1 212-625-5600,55320.0,0016000000RXLsEAAX,No clear status found
"First Weber, Inc.",Real Estate,1001-5000,WI,http://www.firstweber.com,+1 608-443-2300,24056.0,0016000000T9S66AAF,No clear status found
"D Magazine Partners, L.P.",Book and Periodical Publishing,51-200,TX,http://www.dmagazine.com,+1 214-939-3636,23220.0,0016000000T9TEBAA3,No clear status found
Pillar To Post Inspections,Real Estate,10-Feb,ON,http://www.pillartopostfranchise.com,+1 315-424-9970,47281.0,0016000000T9To5AAF,No clear status found
Traliant LLC,E-Learning Providers,1,NY,http://www.traliant.com,+1 929-202-7288,7587245.0,0013200001GoXdvAAF,No clear status found
Cohen Milstein Sellers & Toll Pllc,Law Practice,51-200,DC,http://www.cohenmilstein.com,+1 202-408-4600,54658.0,0016000000T9VUkAAN,No clear status found
P C Gibbons Pac Inc,Law Practice,201-500,NJ,http://www.gibbonslaw.com,+1 973-596-4500,27699.0,0016000000T9X6qAAF,No clear status found
"Corinthian Capital Group, LLC",Venture Capital and Private Equity Principals,1001-5000,NY,http://www.corinthiancap.com,+1 212-920-2300,141304.0,0016000000qkIXdAAM,No clear status found
New Breed Marketing LLC,Advertising Services,10-Feb,VT,http://newbreedmarketing.com,+1 802-655-0800,76687.0,0016000000Ui4A9AAJ,No clear status found
Mayco International LLC,Motor Vehicle Manufacturing,501-1000,MI,http://www.maycointernational.com/company,+1 586-803-6000,1058032.0,0016000000V7aHJAAZ,No clear status found
Hospitality Ventures LLC,Hospitality,201-500,NC,http://www.theumstead.com,+1 919-447-4000,96959.0,0016000000VuwJoAAJ,No clear status found
Cyber Advisors Inc.,IT Services and IT Consulting,Nov-50,MN,http://www.cyberadvisors.com,+1 952-924-9990,152063.0,0016000000WFzpPAAT,No clear status found
SILK TECHNOLOGIES INC.,Software Development,51-200,MA,silk.us/,+1 877-982-2555,56412686.0,0016000000e7PgPAAU,No clear status found
"Trendy Minds, Inc.",Advertising Services,Nov-50,IN,https://trendyminds.com/,+1 317-926-1727,1025575.0,0016000000e7Q1xAAE,No clear status found
McLanahan Corporation,Machinery Manufacturing,201-500,PA,http://www.mclanahan.com,+1 814-695-9807,1109027.0,0016000000e8L3JAAU,No clear status found
Crave InfoTech,IT Services and IT Consulting,Nov-50,NJ,http://www.craveinfotech.com,+1 844-272-8348,294920.0,0013200001Em7E0AAJ,No clear status found
Bar Harbor Bank & Trust,Banking,201-500,ME,http://www.barharbor.bank,+1 207-288-3314,112267.0,0016000000huqn2AAA,No clear status found
Lipman Family Farms,Farming,201-500,FL,http://www.lipmanfamilyfarms.com,+1 800-547-4618,22346620.0,0010d00001JSOhEAAX,No clear status found
The Bizzell Group LLC,Business Consulting and Services,Nov-50,MD,http://www.thebizzellgroup.com,+1 301-459-0100,10298173.0,0010d00001JkjZqAAJ,No clear status found
Innovative Insurance Brokers INC,Insurance,10-Feb,NY,http://www.teamifg.com,+1 888-241-1470,5099304.0,0010d00001JlR6oAAF,No clear status found
"OJ Commerce, LLC","Technology, Information and Internet",Nov-50,FL,http://www.ojcommerce.com,+1 954-519-2555,803636.0,0016000000lb1PQAAY,No clear status found
United Premier Soccer League Inc.,Spectator Sports,10-Feb,CA,http://www.upsl.com,+1 714-631-5431,17875313.0,0010d00001JnbVUAAZ,No clear status found
DeepSig Inc.,Software Development,Nov-50,VA,https://deepsig.io,+1 703-340-1451,10977091.0,0010d00001JuRKmAAN,No clear status found
Execupower Limited Liability Company,Utilities,51-200,PA,http://www.execupower.com,+1 484-804-2800,11058844.0,0010d00001JuTDwAAN,No clear status found
Auxia Inc.,Software Development,10-Feb,CA,https://www.auxia.io/,,81963118.0,0016Q00002BULsIQAX,No clear status found
"Infinity Natural Resources, LLC",Oil and Gas,10-Feb,WV,https://infinitynaturalresources.com/,+1 304-212-2350,22339300.0,0010d00001U5K9sAAF,No clear status found
"Keycard Labs, Inc.",Software Development,10-Feb,FL,keycard.sh,+1 902-410-8271,,0016Q00002AkGr6QAF,No clear status found
Glencore Canada Corporation,Mining,1001-5000,ON,,,101826632.0,0016Q00002AlRgdQAF,No clear status found
SOLUTION ONE INDUSTRIES INC,Defense and Space Manufacturing,501-1000,TX,https://www.1soi.com/,+1 254-616-6600,35507851.0,0016Q00001VnmcNQAR,No clear status found
"Iterative Scopes, LLC",Software Development,10-Feb,MA,https://www.iterativescopes.com,+1 703-343-0143,28171531.0,0010d00001Q0oCFAAZ,No clear status found
Procurement Partners LLC,IT Services and IT Consulting,10-Feb,IL,http://www.procurementpartners.com,+1 866-527-1190,2239729.0,0010d00001SsqlEAAR,No clear status found
"Taysha Gene Therapies, Inc.",Biotechnology,51-200,TX,https://tayshagtx.com/,+1 262-822-6463,42784552.0,0010d00001T9CySAAV,No clear status found
American Battery Metals Corporation,Mining,1,NV,http://www.batterymetals.com,+1 775-473-4744,18994359.0,0010d00001T9bR1AAJ,No clear status found
Linkbank,Banking,10-Feb,PA,https://linkbank.com/,+1 717-458-9095,35470869.0,0010d00001Stp6DAAR,No clear status found
Marc Anthony Cosmetics Ltd,Manufacturing,51-200,ON,http://www.mavbeautybrands.com/,+1 905-530-2500,18953566.0,0010d00001SsjikAAB,No clear status found
Mize Cpas Inc.,Accounting,201-500,KS,http://www.mizecpas.com,+1 785-233-0536,64608640.0,0010d00001TBEGlAAP,No clear status found
Solo LLC,Renewable Energy Semiconductor Manufacturing,10-Feb,UT,https://gosolo.io,+1 888-316-5845,18806592.0,0010d00001T9WSYAA3,No clear status found
SOFCOM (PRIVATE) LIMITED,IT Services and IT Consulting,10-Feb,CA,http://www.sofcom.net,555-555-5555,693832.0,0010d00001TBFKuAAP,No clear status found
"CopyAI, Inc",Information Services,10-Feb,TN,https://www.copy.ai/,,9230366.0,0016Q00001XLhDUQA1,No clear status found
lnvestiFi Inc,Financial Services,10-Feb,DE,www.cryptofi.tech/,+1 888-526-2149,74751200.0,0016Q00001hQconQAC,No clear status found
"Kratos Industries, LLC","Appliances, Electrical, and Electronics Manufacturing",51-200,CO,http://www.kratosind.com,+1 720-588-4155,64955271.0,0016Q00001df7fpQAA,No clear status found
Etherio Group,Hospitality,51-200,FL,https://etheriogroup.com/,+1 561-300-6645,68963341.0,0010d00001VBtlaAAD,No clear status found
"Terray Therapeutics, Inc.",Biotechnology Research,10-Feb,CA,https://terraytherapeutics.com/,+1 347-831-4318,18805725.0,0010d00001VBv44AAD,No clear status found
Tcc Wireless Inc,Wireless Services,1001-5000,IL,http://www.tccmobile.com,+1 630-480-2224,11189707.0,0010d00001VC8bRAAT,No clear status found
"Remedy Medical Properties, Inc.",Real Estate,51-200,IL,www.remedymed.com,+1 312-872-4120,68638773.0,0010d00001UGDxBAAX,No clear status found
Opsera Inc,Software Development,10-Feb,CA,https://www.opsera.io/,+1 408-802-4231,42356409.0,0010d00001TBfzhAAD,No clear status found
Balbhas Business Sysnomics LLC,IT Services and IT Consulting,10-Feb,GA,www.balbhas.com,,14629038.0,0010d00001VCIckAAH,No clear status found
Lagom Kitchen Company,Manufacturing,10-Feb,CA,http://fromourplace.com,+1 949-933-2647,18990912.0,0010d00001UGksQAAT,No clear status found
Rock Solid Uk Ltd,Software Development,Nov-50,AR,http://nuqleous.com,+1 833-687-5368,67506897.0,0010d00001UHHgBAAX,No clear status found
Agent Boost Marketing,Insurance,51-200,UT,https://agentboost.com/,+1 855-378-1451,18025412.0,0010d00001UG4YlAAL,No clear status found
"Brightnight, LLC",Renewable Energy Semiconductor Manufacturing,Nov-50,FL,http://www.brightnightenergy.com,+1 888-614-2626,14830888.0,0010d00001TBbSPAA1,No clear status found
"Codetru, Inc.",IT Services and IT Consulting,10-Feb,IL,http://www.codetru.com,+1 847-979-8294,31490338.0,0010d00001TBkYfAAL,No clear status found
"LS BDC Adviser, LLC",Financial Services,Nov-50,FL,https://www.lafayettesquare.com/,,72228862.0,0010d00001VBLWlAAP,No clear status found
Rx Connect Specialty Pharmacy,Pharmaceutical Manufacturing,10-Feb,ON,https://www.rxconnect.ca/,+1 647-417-1123,35719462.0,0010d00001VBiJDAA1,No clear status found
Distillery VFX Inc,"Movies, Videos, and Sound",1,BC,https://www.distilleryvfx.com/,+1 604-875-8980,65012252.0,0010d00001VBrAVAA1,No clear status found
ADVANCE SOLUTIONS CORPORATION (NJ),IT Services and IT Consulting,10-Feb,GA,https://www.advancesolutions.com/,+1 770-462-2070,11255444.0,0010d00001U4JGxAAN,No clear status found
"My Mountain Mover, Inc",Outsourcing and Offshoring Consulting,10-Feb,CA,https://mymountainmover.com/,+1 909-610-9793,65616064.0,0010d00001UEsjuAAD,No clear status found
ETHGlobal,"Technology, Information and Internet",10-Feb,CA,https://ethglobal.co/?ref=linkedin,,11715367.0,0010d00001UGZHAAA5,No clear status found
Peoplebox,Software Development,51-200,CA,http://www.peoplebox.ai,,14384500.0,0010d00001UIGfuAAH,No clear status found
Jack Cooper Holdings Corp.,Truck Transportation,1001-5000,MO,https://www.jackcooper.com/home/default.aspx,+1 816-983-4000,92443.0,0010d00001VB9v9AAD,No clear status found
Darling Ingredients Inc.,Renewable Energy Semiconductor Manufacturing,10001+,KY,http://www.naturesafe.com,+1 859-781-2010,10616973.0,0010d00001UG2zkAAD,No clear status found
"Cere Merger Sub, Inc.",IT Services and IT Consulting,10-Feb,CA,http://www.ceremorphic.ai,+1 408-748-3385,13400728.0,0010d00001UG5IbAAL,No clear status found
FLORIDA EVERBLADES,Spectator Sports,51-200,FL,www.floridaeverblades.com,,42394420.0,0016Q000029kwJzQAI,No clear status found
Rocket Science Group ðŸ”œ Gamescom,Computer Games,51-200,MA,https://www.rocketscience.gg,,81559359.0,0016Q000027mkz5QAA,No clear status found
Starbucks Corporation,Advertising Services,10001+,CA,www.starbucks.com,9.16377E+11,70453555.0,0016Q000027nIFhQAM,No clear status found
Archi's Academy,Software Development,Nov-50,IL,https://www.archisacademy.com,+1 240-479-9607,42886664.0,0016Q00001VqRhRQAV,No clear status found
Strawberry.me,Consumer Services,Nov-50,CA,www.strawberry.me,,103314633.0,0016Q00002BUTNNQA5,No clear status found
Ontario Centre of Innovation Inc.,Non-profit Organizations,51-200,ON,https://www.oc-innovation.ca/,+1 416-861-1092,70952263.0,0016Q00001VoiRVQAZ,No clear status found
Navkar Consultancy Services (Canada) Inc.,Accounting,10-Feb,ON,https://www.ncscorp.ca,+1 647-872-0440,14376638.0,0016Q00001VojHXQAZ,No clear status found
"Lumistry, LLC",Software Development,51-200,TX,lumistry.com,,82784864.0,0016Q000027nEcAQAU,No clear status found
Xerimis Inc.,Pharmaceutical Manufacturing,51-200,NJ,http://www.xerimis.com,+1 856-727-9940,864076.0,0016000000lcjDnAAI,No clear status found
"Northern Air, Inc.",Airlines and Aviation,51-200,MI,http://www.northernjet.net/,+1 800-462-7709,660285.0,0016000000m3GkMAAU,No clear status found
"Topographic Om, Inc.",Oil and Gas,51-200,OK,http://www.topographic.com,+1 405-843-4847,984365.0,0016000000m3nhvAAA,No clear status found
QCA Systems Ltd,Automation Machinery Manufacturing,Nov-50,BC,http://www.qcasystems.com/,+1 604-940-0868,5328853.0,0013200001By7LQAAZ,No clear status found
GECU,Financial Services,201-500,TX,http://www.gecu.com,+1 915-778-9221,91017.0,0016000000m45rBAAQ,No clear status found
Tpf Software Inc.,Software Development,Nov-50,NC,http://www.tpfsoftware.com,+1 919-676-5501,1273725.0,0016000000skSK1AAM,No clear status found
"AMERICAN ELECTRONIC WARFARE ASSOCIATES, INCORPORATED",Defense and Space Manufacturing,201-500,MD,http://www.amewas.com,+1 301-863-7102,2927306.0,0016000000n7BxyAAE,No clear status found
CorTrust Bank,Banking,51-200,SD,http://www.cortrustbank.com,+1 605-996-7775,1119372.0,0016000000skSsEAAU,No clear status found
Fabricland Distributors Inc,Retail,1001-5000,ON,http://www.fabricland.ca,+1 416-658-2200,81991980.0,0013200001By6NKAAZ,No clear status found
EI Associates,Architecture and Planning,51-200,NJ,http://www.eiassociates.com,+1 973-775-7777,81401.0,0016000000skUBsAAM,No clear status found
Casino Del Sol,Gambling Facilities and Casinos,5001-10000,AZ,http://casinodelsolresort.com,+1 855-765-7829,113127.0,0013200001DHkFfAAL,No clear status found
"Meundies, Inc.",Retail Apparel and Fashion,Nov-50,CA,https://www.meundies.com/,+1 888-552-6775,2585174.0,00160000010sUmyAAE,No clear status found
Jenkins Restorations Inc,Construction,10-Feb,VA,https://jenkinsrestorations.com,+1 540-898-6809,3150362.0,00160000019Gg3kAAC,No clear status found
"Eig Global Energy Partners, LLC",Investment Management,51-200,DC,http://www.eigpartners.com/,+1 202-600-3300,1674540.0,0013200001A3rQMAAZ,No clear status found
SA Hockey Associates LLC,Spectator Sports,Nov-50,PA,http://www.royalshockey.com,+1 610-898-7825,1275029.0,0013200001A3sDEAAZ,No clear status found
Whitefish Mountain Resort Lodging,Travel Arrangements,10-Feb,MT,http://www.skiwhitefish.com,+1 406-862-3687,487638.0,0016000000m2i1EAAQ,No clear status found
Blistex Inc.,Manufacturing,51-200,IL,http://www.blistex.com,+1 630-571-2870,51209.0,0016000000NaPmKAAV,No clear status found
Orangewood Labs,Automation Machinery Manufacturing,10-Feb,CA,http://www.orangewood.co,+1 425-589-2500,13625080.0,0010d00001KNrorAAD,No clear status found
Bajco Global Management LLC,Business Consulting and Services,1001-5000,OH,http://www.bajco.net,+1 330-533-0900,8597911.0,0013200001GokoCAAR,No clear status found
Ascendeum Co,Advertising Services,10-Feb,NJ,http://ascendeum.com,+1 609-558-3935,9496586.0,0013200001GODxQAAX,No clear status found
Revery Studios,"Movies, Videos, and Sound",10-Feb,OR,http://www.revery.is,+1 503-568-1498,18176751.0,0010d00001Kfh0iAAB,No clear status found
"Lifetime, L.L.C.",Manufacturing,1001-5000,UT,http://www.lifetime.com,+1 801-776-1532,35032.0,0016000000Q8I8LAAV,No clear status found
Gemtec Limited,Civil Engineering,201-500,NB,https://www.gemtec.ca/,+1 506-453-1025,1858670.0,0016000000m2lpOAAQ,No clear status found
"Crocker Partners, Inc.",Real Estate,10-Feb,FL,http://www.crockerpartners.com,+1 561-447-1801,141472.0,0016000000snVcBAAU,No clear status found
Kelly Spicers,Paper and Forest Product Manufacturing,10001+,CA,https://kellyspicers.com,+1 833-211-6705,127895.0,00160000014CB35AAG,No clear status found
"Kech, Inc.",IT Services and IT Consulting,10-Feb,KY,http://www.kechco.com/,+1 704-658-7595,11175265.0,0010d00001LAvKiAAL,No clear status found
Wolfgang Puck,Food and Beverage Services,Nov-50,CA,http://www.wolfgangpuck.com,+1 866-444-4033,4722948.0,0013200001I87FlAAJ,No clear status found
Adion Systems Inc,Software Development,Nov-50,BC,http://www.proshoperp.com,+1 604-564-6121,10267363.0,0010d00001JnsuoAAB,No clear status found
"Dharam, Lally and Smith LLC",Construction,Nov-50,NY,http://www.dharamconsulting.com,+1 862-208-8206,9378013.0,0010d00001MDH2FAAX,No clear status found
"Redi-Direct Marketing, Inc.",Software Development,501-1000,NJ,http://www.redidirect.com,+1 973-808-4500,6311802.0,0010d00001ME4AcAAL,No clear status found
The Sociable Society,Advertising Services,10-Feb,CA,http://www.thesociablesociety.com,,6648271.0,0010d00001MDfdKAAT,No clear status found
"Idk Distribution, Inc",Venture Capital and Private Equity Principals,Nov-50,NY,http://www.idk.com,+1 800-793-9322,18348749.0,0010d00001MEAQyAAP,No clear status found
Texas HBSA,Non-profit Organizations,51-200,TX,https://www.texashbsa.com/,,28657073.0,0010d00001ME2VOAA1,No clear status found
IDS Inc,Truck Transportation,10-Feb,IN,http://idstransportation.com,+1 317-208-5565,7111433.0,0010d00001MD2IsAAL,No clear status found
Mad Cave Studios,Book and Periodical Publishing,10-Feb,FL,https://madcavestudios.com/,+1 786-310-7567,28145549.0,0010d00001MD98bAAD,No clear status found
Premier Agent Network Inc.,Real Estate,201-500,CA,https://premieragentnetwork.com,+1 877-663-9366,15624237.0,0010d00001MEEPpAAP,No clear status found
Redbird Capital Partners LLC,Financial Services,Nov-50,NY,http://www.redbirdcap.com,+1 646-342-8087,9298002.0,0010d00001MD0WoAAL,No clear status found
"Liquid Instruments, Inc.","Appliances, Electrical, and Electronics Manufacturing",Nov-50,CA,http://www.liquidinstruments.com,+1 619-332-6230,12870079.0,0010d00001N1jAxAAJ,No clear status found
Softstandard Solutions Llc.,IT Services and IT Consulting,10-Feb,NJ,http://softstandard.com,+1 929-242-9339,10040087.0,0010d00001NjyvvAAB,No clear status found
Mixlab Inc,Pharmaceutical Manufacturing,10-Feb,NY,http://www.mixlabrx.com,+1 888-901-4480,11157332.0,0010d00001NkCnuAAF,No clear status found
"Alleviate Tax, LLC",Financial Services,1,CA,http://www.alleviatetax.com,+1 888-859-8291,18614132.0,0010d00001QvhbXAAR,No clear status found
"Planet Depos, LLC",Legal Services,51-200,DC,https://www.planetdepos.com,+1 888-433-3767,1049635.0,0016000000lcTHCAA2,No clear status found
"University of Toronto Engineering Society, The",Non-profit Organizations,51-200,ON,http://skule.ca/,+1 416-978-2917,827500.0,0016000000lcdmDAAQ,No clear status found
"Tibi, LLC",Retail Apparel and Fashion,51-200,NY,http://www.tibi.com,+1 212-966-3773,1490007.0,0016000000m2K1NAAU,No clear status found
"Syfan Logistics, Inc.",Truck Transportation,201-500,GA,http://www.syfanlogistics.com,+1 770-287-8485,2291196.0,0016000000m2TP1AAM,No clear status found
Rob Levine & Associates Ltd,Law Practice,10-Feb,RI,http://www.roblevine.com,+1 401-621-7000,698449.0,0016000000m2Zu4AAE,No clear status found
Greenlight Innovation Corporation,Machinery Manufacturing,Nov-50,BC,http://www.greenlightinnovation.com,+1 604-676-4000,330380.0,0016000000m2eqqAAA,No clear status found
Harper Grey LLP,Legal Services,51-200,BC,http://www.harpergrey.com,+1 604-687-0411,143149.0,0016000000m3DwiAAE,No clear status found
The First National Bank and Trust Company,Banking,51-200,WI,http://bankatfirstnational.com,+1 800-667-4401,957193.0,0016000000m3OmPAAU,No clear status found
"Hoffmann Brothers Heating and Air Conditioning, Inc.",Construction,Nov-50,MO,http://www.HoffmannBros.com,+1 314-664-3011,619843.0,0013200001BxrHrAAJ,No clear status found
"Pda-In-Liquidation, Inc.",Automation Machinery Manufacturing,Nov-50,PA,http://www.processanddata.com,+1 814-866-9600,2439573.0,0013200001Bxr4ZAAR,No clear status found
"Interstate Hotels & Resorts, Inc.",Hospitality,10001+,FL,http://www.doubletreeorlando.com,+1 407-351-1000,285986.0,0013200001Bxxc5AAB,No clear status found
Vivax Pro Painting,Construction,51-200,CO,http://www.vivaxpros.com,+1 720-331-9735,991405.0,0016000000m3jvRAAQ,No clear status found
"R.I.M. Logistics, Ltd.","Transportation, Logistics, Supply Chain and Storage",201-500,IL,http://www.rimlogistics.com,+1 630-595-0610,311669.0,0016000000m416lAAA,No clear status found
Citation Oil & Gas Corp.,Oil and Gas,501-1000,TX,http://www.cogc.com,+1 281-891-1000,113442.0,0016000000m44tkAAA,No clear status found
Pliteq Inc,Wholesale Building Materials,201-500,ON,http://www.pliteq.com/,+1 416-449-0049,30677838.0,0013200001By6U4AAJ,No clear status found
"Soho Experiential, LLC",Advertising Services,1001-5000,NY,http://www.sohoexp.com,+1 212-680-4220,127632.0,0016000000m45XsAAI,No clear status found
RedTeam Software,Software Development,10-Feb,FL,https://www.redteam.com/,+1 866-432-2021,294544.0,0013200001By78SAAR,No clear status found
Stars & Strikes Family Entertainment,Entertainment Providers,Nov-50,GA,http://www.starsandstrikes.com,+1 678-965-5707,3882523.0,0013200001By7zcAAB,No clear status found
"UNITED LEASING, INC.",Financial Services,1001-5000,IN,http://www.unitedleasingandfinance.com,+1 812-479-0231,242141.0,0016000000slBSmAAM,No clear status found
Fab'rik Boutique,Retail Apparel and Fashion,10-Feb,GA,http://www.fabrikstyle.com,+1 404-685-8595,910123.0,0016000000m47mwAAA,No clear status found
ASAP INC.,Hospitality,10001+,LA,http://waitrapp.com,+1 800-661-9036,9426661.0,0013200001DtddUAAR,No clear status found
Maune Raichle Law Firm,Law Practice,1,MO,http://www.mrhfmlawfirm.com/,+1 314-241-2003,2211090.0,0016000000snTycAAE,No clear status found
"Morrison, Ekre & Bart Management Services, Inc.",Real Estate,201-500,AZ,http://www.mebapts.com,+1 520-620-1640,17967.0,0016000000snWOXAA2,No clear status found
Archmill House Inc,Construction,Nov-50,ON,http://www.archmillhouse.com,+1 905-648-0278,3638853.0,00160000012fS4rAAE,No clear status found
Magnum Cementing Services Ltd,Oil and Gas,10-Feb,AB,http://www.magnumcement.ca,+1 403-934-9458,3543052.0,00160000019Gg8BAAS,No clear status found
Bergey's Chevrolet Inc,Motor Vehicle Manufacturing,1001-5000,PA,http://www.bergeys.com,+1 267-953-4216,1008594.0,00160000014BshuAAC,No clear status found
"Empire Auto Parts, Inc.",Motor Vehicle Manufacturing,10-Feb,NJ,http://www.empireauto.biz,+1 973-772-4206,1163797.0,00160000014BtZYAA0,No clear status found
Sugar Bowl Ski Resort,Travel Arrangements,Nov-50,CA,http://www.sugarbowl.com/home,+1 530-426-3651,3259860.0,0013200001A3roHAAR,No clear status found
Kit and Ace Technical Apparel Inc,Retail Apparel and Fashion,Nov-50,BC,http://www.kitandace.com,+1 778-239-5426,3714005.0,00160000015mq86AAA,No clear status found
Power Plus,Construction,10-Feb,CA,http://www.powerplus.com,+1 800-863-2525,105441.0,0016000000T9THiAAN,No clear status found
VSC CONSULTING SERVICE IN,Public Relations and Communications Services,10-Feb,CA,http://www.vscpr.com,+1 415-869-8629,109268.0,0016000000UiB1RAAV,No clear status found
Prince Lobel Tye LLP,Law Practice,51-200,MA,http://www.PrinceLobel.com,+1 617-456-8000,60681.0,0016000000VuwN7AAJ,No clear status found
SU Investment Club,Financial Services,Nov-50,NY,http://suinvestmentclub.com,+1 315-443-1377,10988977.0,0010d00001Kg2YEAAZ,No clear status found
Hyly Inc,IT Services and IT Consulting,10-Feb,VA,http://hy.ly,+1 516-495-9462,903288.0,0010d00001Kg3jnAAB,No clear status found
Ballston Spa National Bank,Banking,51-200,NY,http://www.bsnb.com,+1 518-363-8150,98951.0,0016000000m47euAAA,No clear status found
"Govx, Inc.","Technology, Information and Internet",51-200,CA,http://www.govx.com,+1 888-468-5511,2086671.0,0013200001BI2CZAA1,No clear status found
"Know Ink, LLC",Information Technology & Services,51-200,MO,http://knowink.com,+1 855-765-5723,79853420.0,0013200001Glo9SAAR,No clear status found
TurnoverBnB,"Technology, Information and Internet",51-200,CA,https://turno.com,,18097583.0,0010d00001LAqGvAAL,No clear status found
Ripco Real Estate Corp,Real Estate,51-200,NY,http://www.ripcony.com,+1 212-750-6565,1246627.0,0016000000m47MCAAY,No clear status found
"Western States Lodging, LLC",Hospitality,501-1000,UT,http://wslm.biz/,+1 801-269-0700,4533423.0,0013200001By0i5AAB,No clear status found
Optis Consulting Network Inc,Business Consulting and Services,Nov-50,BC,http://optisconsulting.com/,+1 844-446-7847,2619215.0,0013200001GmmoyAAB,No clear status found
Lane Four,IT Services and IT Consulting,51-200,ON,http://www.lanefour.com/,,15180630.0,0013200001I996IAAR,No clear status found
The Kitchen Cafe LLC,Restaurants,501-1000,CO,http://thekitchen.com/restaurants,+1 303-544-5973,3567067.0,0010d00001LAlebAAD,No clear status found
"DROPP TV, INC.","Technology, Information and Internet",10-Feb,NY,http://www.dropp.tv,+1 929-359-3577,11495885.0,0010d00001ME8fCAAT,No clear status found
Strada Services Inc.,Construction,51-200,FL,https://stradaservices.com/,+1 860-200-2854,16155009.0,0010d00001MCzqwAAD,No clear status found
NBM Engineering Inc,Civil Engineering,51-200,ON,http://www.nbmengineering.com/,+1 905-845-7770,11776591.0,0010d00001MEDlpAAH,No clear status found
Matrix Sciences Inc.,Food and Beverage Services,51-200,IL,http://www.matrixsciences.com,+1 847-272-8700,27101142.0,0010d00001NdtLqAAJ,No clear status found
Side Inc,Real Estate,10-Feb,CA,http://www.sideinc.com,,17984664.0,0010d00001OjZrSAAV,No clear status found
"Coterie Baby, Inc.",Manufacturing,10-Feb,NY,http://www.coterie.com,+1 917-566-9386,10138587.0,0010d00001QvZMaAAN,No clear status found
"Brimstone Energy, Inc.",Chemical Manufacturing,1,CA,www.brimstone.com,+1 714-930-6288,20343372.0,0010d00001QvfhRAAR,No clear status found
"Wardlaw Claims Service, LLP",Insurance,Nov-50,TX,http://www.wardlawclaims.com,+1 254-772-6055,2103986.0,0016000000lc7IjAAI,No clear status found
Streamline Healthcare Solutions LLC,Software Development,51-200,MI,http://www.streamlinehealthcare.com,+1 877-467-4741,290925.0,0016000000lcJ7BAAU,No clear status found
"Western Industrial Contractors, Inc.",Automation Machinery Manufacturing,201-500,CO,http://www.westerncon.com,+1 303-371-3714,271672.0,0016000000lcXnAAAU,No clear status found
The Paquin Entertainment Group Inc,Entertainment Providers,Nov-50,MB,http://www.paquinentertainment.com/,+1 204-988-1120,120512.0,0016000000lcwQEAAY,No clear status found
Accuity LLP,Accounting,Nov-50,HI,https://accuityllp.com,+1 808-531-3400,304844.0,0016000000ld1rmAAA,No clear status found
"Masters Gallery Foods, Incorporated",Food and Beverage Manufacturing,201-500,WI,http://www.mastersgalleryfoods.com,+1 920-893-8431,989743.0,0016000000ld0mTAAQ,No clear status found
Joe's Brewery,Food and Beverage Services,Nov-50,IL,http://www.joesbrewery.com,+1 217-384-1790,2119423.0,0013200001BsqkUAAR,No clear status found
Reservoir Communications Group,Public Relations and Communications Services,10-Feb,DC,http://www.reservoircg.com,+1 202-499-2050,9290764.0,0013200001BsvwpAAB,No clear status found
The Scout Guide,Book and Periodical Publishing,10-Feb,VA,http://thescoutguide.com,+1 434-244-2817,3673025.0,0013200001BxJS2AAN,No clear status found
1504953 Alberta Ltd,Hospitality,201-500,AB,http://www.hotelarts.ca,+1 403-266-7683,652886.0,0016000000m30dXAAQ,No clear status found
U. E. Systems Incorporated,Industrial Machinery Manufacturing,Nov-50,NY,http://uesystems.com,+1 914-592-1220,382633.0,0016000000m33QRAAY,No clear status found
4 Leaf Inc,Construction,51-200,CA,http://www.4leafinc.com,+1 925-462-5959,3914899.0,0013200001BxrabAAB,No clear status found
"Naumann/Hobbs Material Handling Corp. II, Inc",Machinery Manufacturing,201-500,AZ,http://www.performancepeople.com,+1 602-437-1331,278214.0,0016000000vcRp4AAE,No clear status found
"King Law Offices, Pllc",Law Practice,51-200,NC,http://kinglawoffices.com,+1 828-286-3332,2788180.0,0013200001By21zAAB,No clear status found
Four Corners Tavern Group,Restaurants,10-Feb,IL,http://www.4cbars.com,+1 773-528-2240,213791.0,0016000000m466YAAQ,No clear status found
"Yhlsoft, Inc.",Financial Services,10-Feb,IL,http://www.advyzon.com,+1 844-829-0039,3689308.0,0013200001ByGF8AAN,No clear status found
"Horizon Realty Advisors, A Limited Liability Company",Real Estate,10-Feb,WA,http://www.horizonra.com/,+1 206-352-9500,3829698.0,0013200001COarWAAT,No clear status found
"Agendia, Inc.",Hospitals and Health Care,51-200,CA,www.agendia.com,+1 888-321-2732,,0016000000nfgdUAAQ,No clear status found
"Business Interactions, LLC",Software Development,10-Feb,IN,https://www.harmonyhit.com/,+1 574-314-9302,278313.0,0013200001Eli85AAB,No clear status found
"J. M. Brennan, Inc.",Construction,51-200,WI,http://www.jmbrennan.com,+1 414-342-3829,248977.0,0016000000skUTvAAM,No clear status found
"Zerocater, Inc.",Food and Beverage Services,Nov-50,CA,https://zerocater.com,+1 844-229-9376,1690951.0,0016000000zjzqcAAA,No clear status found
"MEB General Contractors, Inc.",Construction,201-500,VA,https://www.meb.group,+1 757-487-5858,1600763.0,00160000010sKuhAAE,No clear status found
"Direct Image and Design, LLC",Advertising Services,51-200,PA,http://didagency.com/,+1 215-619-8650,347276.0,00160000018krTTAAY,No clear status found
"Sheret, Andrew Limited",Wholesale,201-500,BC,http://www.sheret.com,+1 250-386-7744,2854139.0,00160000013TcBsAAK,No clear status found
The Eastern Company,Machinery Manufacturing,1001-5000,CT,http://easterncompany.com,+1 203-729-2255,11043167.0,0013200001A3pHjAAJ,No clear status found
"Gems Motorsports, LP",Spectator Sports,51-200,NC,http://www.richardpettymotorsports.com,+1 704-924-9404,1407766.0,00160000014BvrDAAS,No clear status found
Cleary Building Corp,Construction,501-1000,IL,http://www.clearybuilding.com,+1 217-285-6482,532011.0,0016000000T9U3uAAF,No clear status found
The Temple News,Newspaper Publishing,Nov-50,PA,http://temple-news.com,+1 215-204-6737,554966.0,0016000000V7avvAAB,No clear status found
Annex Student Living,Real Estate,10-Feb,IN,http://www.theannexgrp.com,+1 317-584-8442,9274633.0,0010d00001JSdq1AAD,No clear status found
"Algomus, Inc.",Software Development,10-Feb,MI,https://algo.com,+1 601-340-4297,18127337.0,0010d00001JSbtKAAT,No clear status found
App Orchid Inc.,Software Development,51-200,CA,http://www.apporchid.com,+1 650-291-2924,3714314.0,0010d00001Jk1LoAAJ,No clear status found
Tony's Fresh Market,Retail,Nov-50,IL,http://www.tonysfreshmarket.com,+1 630-735-6760,10359604.0,0013200001Gp8AQAAZ,No clear status found
Cameron Stephens Mortgage Capital Ltd,Financial Services,Nov-50,ON,http://www.cameronstephens.com/,+1 416-591-8787,2084775.0,00160000013TYIXAA4,No clear status found
DMB Community Life Inc.,,10-Feb,AZ,http://www.dmbcommunitylife.com,+1 480-367-2626,,0010d00001LAqa4AAD,No clear status found
Nellis Auction,Wholesale,Nov-50,NV,http://www.NellisAuction.com,+1 702-531-1300,2899299.0,0010d00001KfaNmAAJ,No clear status found
Nexla Inc,IT Services and IT Consulting,Nov-50,CA,http://www.nexla.com/,+1 650-678-5467,7957867.0,0013200001I7zOMAAZ,No clear status found
"Wanhua Chemical (America) Co., Ltd.",Plastics Manufacturing,10001+,PA,http://www.whchem.com/en,+1 613-796-1606,58035835.0,0010d00001KduqmAAB,No clear status found
"McFarland Building Group, LLC",Construction,10-Feb,NC,http://mcfarlandconstructionus.com,+1 980-949-6226,16174187.0,0010d00001LAlTIAA1,No clear status found
Ramos Law,Law Practice,10-Feb,CO,http://www.ramoslaw.com,+1 303-309-4229,2788357.0,0010d00001MDENWAA5,No clear status found
"Sherpa 6, Inc.",IT Services and IT Consulting,Nov-50,CO,https://www.sherpa6.com,+1 253-306-4470,28178436.0,0010d00001ME5gJAAT,No clear status found
Portico Property Management,Real Estate,10-Feb,TX,http://www.porticopm.com,+1 888-298-9450,27196316.0,0010d00001MD4YbAAL,No clear status found
Envy Clothing Company,Retail,10-Feb,NOVA SCOTIA,http://www.envyclothing.ca/,+1 902-422-3033,11410145.0,0010d00001MDAdIAAX,No clear status found
Jubilee Media,Online Audio and Video Media,Nov-50,CA,http://www.jubileemedia.com,,18108200.0,0010d00001MDhcmAAD,No clear status found
Rise North Capital LLC,Financial Services,10-Feb,MA,http://www.risenorthcapital.com,+1 781-519-6969,19220333.0,0010d00001QvMWWAA3,No clear status found
True North Mortgage Inc,Financial Services,10-Feb,AB,http://www.truenorthmortgage.ca,+1 403-248-6677,672847.0,0016000000lcEvbAAE,No clear status found
"Modus Create, Inc.",IT Services and IT Consulting,Nov-50,VA,https://www.moduscreate.com,+1 855-663-8727,1988641.0,0016000000lcIosAAE,No clear status found
Solunus Inc,IT Services and IT Consulting,Nov-50,TX,http://www.solunus.com,+1 214-200-4800,7943081.0,0010d00001KNi4oAAD,No clear status found
"Advantage Surveillance, LLC",Security and Investigations,Nov-50,NC,https://www.advantagesurveillance.net,+1 888-696-3669,1036417.0,0016000000m2eqCAAQ,No clear status found
"Gener8, LLC","Appliances, Electrical, and Electronics Manufacturing",201-500,CA,http://www.gener8.net,+1 650-940-9898,784761.0,0016000000m2eqkAAA,No clear status found
"Wells Pharmacy, Inc",Pharmaceutical Manufacturing,51-200,FL,http://www.wellsrx.com,+1 800-622-4510,2609693.0,0013200001Bsvw6AAB,No clear status found
Advenir Real Estate Managment,Real Estate,Nov-50,FL,http://www.AdvenirLiving.com,+1 305-948-3535,5000849.0,0013200001Bt1LjAAJ,No clear status found
Techmation Electric & Controls Ltd,Oil and Gas,1001-5000,AB,http://www.techmationelectric.com,+1 403-243-0990,1850068.0,0016000000m2xAfAAI,No clear status found
The Piedmont Group of Atlanta LLC,Financial Services,Nov-50,GA,http://www.thepiedmontgroups.com,+1 770-551-3400,2773861.0,0013200001BxJdCAAV,No clear status found
"Winston Water Cooler, Ltd.",Wholesale,Nov-50,TX,http://www.winstonwatercooler.com,+1 214-748-1484,2215387.0,0013200001Bxo0zAAB,No clear status found
"OLD EDWARDS HOSPITALITY GROUP, LLC",Hospitality,51-200,NC,http://www.oldedwardsinn.com,+1 828-526-8008,454140.0,0016000000m3SE9AAM,No clear status found
Ritz Messwandler,"Appliances, Electrical, and Electronics Manufacturing",501-1000,GA,http://ritz-international.com,+1 706-356-7180,18385541.0,0013200001BxqyqAAB,No clear status found
Flodraulic Group Incorporated,Automation Machinery Manufacturing,51-200,IN,http://www.flodraulic.com,+1 832-327-1500,720129.0,0016000000m3c9NAAQ,No clear status found
First State Bank Gainesville (inc),Banking,51-200,TX,https://www.firststate.bank,+1 940-665-1711,374617.0,0016000000m3qHkAAI,No clear status found
"Olympia Equity Investors V, LLC",Hospitality,1001-5000,ME,http://www.theolympiacompanies.com,+1 207-874-9990,5146892.0,0013200001By0trAAB,No clear status found
Craneworks Inc.,Industrial Machinery Manufacturing,51-200,TX,https://www.Crane-Works.com,+1 281-219-7779,683324.0,0016000000m3vunAAA,No clear status found
Hideaway-2 Inc,Restaurants,501-1000,OK,http://www.hideawaypizza.com/,+1 918-627-7447,4114629.0,0013200001By42PAAR,No clear status found
Sunshine Bouquet Company,Wholesale,51-200,NJ,www.sunshinebouquet.com,+1 732-274-2900,128735.0,0016000000m45h0AAA,No clear status found
"Carlson, Inc.",Hospitality,10001+,MN,http://www.carlson.com/,+1 763-762-2222,8335774.0,0013200001EjbALAAZ,No clear status found
"Cabka North America, Inc.",Plastics Manufacturing,51-200,MO,http://www.cabka.com,+1 314-731-0302,2580386.0,0016000000skOa6AAE,No clear status found
Farmington Country Club,Hospitality,201-500,VA,http://www.farmingtoncc.com,+1 434-296-5661,89944.0,0016000000skRw7AAE,No clear status found
AMC Bridge Limited Liability Company,Software Development,201-500,MA,http://www.amcbridge.com,+1 866-575-4791,2689378.0,0016000000skSQ0AAM,No clear status found
Fyi Public Relations,Advertising Services,10-Feb,NY,http://www.fyibrandgroup.com,+1 212-586-2240,4579980.0,0010d00001JlkNYAAZ,No clear status found
"Delta Associated Investigations, Inc.",Security and Investigations,51-200,GA,http://www.deltagroup.net,+1 800-329-4143,1037975.0,0016000000skUbFAAU,No clear status found
"Teague Nall and Perkins, Inc.",Civil Engineering,51-200,TX,http://www.tnpinc.com,+1 817-336-5773,1010515.0,0016000000slBnJAAU,No clear status found
Praesidium Inc,Business Consulting and Services,Nov-50,TX,http://www.praesidiuminc.com,+1 817-801-7773,211135.0,0016000000zl250AAA,No clear status found
PressReader Inc,"Technology, Information and Internet",Nov-50,BC,http://about.pressreader.com,+1 604-278-4604,52964.0,0016000000vv4vAAAQ,No clear status found
Kingsview LLC,Financial Services,10-Feb,IL,http://www.kingsview.com,+1 312-870-6701,1953574.0,0016000000xh1UqAAI,No clear status found
Urban Electric Company,Retail Luxury Goods and Jewelry,Nov-50,SC,http://www.urbanelectricco.com,+1 843-723-8140,2029418.0,0016000000xjHk2AAE,No clear status found
Cober Printing Limited,Printing Services,51-200,ON,http://www.cobersolutions.com,+1 519-745-7136,1346215.0,00160000013TgCGAA0,No clear status found
Kiawah Island Real Estate,Hospitality,Nov-50,SC,http://www.kiawahislandclub.com,+1 843-768-6120,3056539.0,001600000173nZYAAY,No clear status found
8199400 Canada Inc,Airlines and Aviation,51-200,NT,http://flysummitair.com/,+1 867-669-9789,378948.0,00160000013TYXuAAO,No clear status found
Bousfields Inc.,Architecture and Planning,Nov-50,ON,http://www.bousfields.ca,+1 416-947-9744,5114586.0,00160000017btrvAAA,No clear status found
"Gensco, Inc.",Wholesale,201-500,WA,http://www.gensco.com,+1 253-620-8203,1356805.0,00160000013TpIjAAK,No clear status found
McLaughlin Research Corporation,Defense and Space Manufacturing,51-200,CT,http://www.mrcds.com,+1 860-447-2298,1326046.0,00160000019GfPUAA0,No clear status found
Bread & Butter Bytes,Public Relations and Communications Services,Nov-50,CA,http://www.breadandbutterpr.com/,+1 213-739-7985,3228457.0,00160000019GfPPAA0,No clear status found
The Cafaro Company,Leasing Non-residential Real Estate,201-500,OH,http://www.cafarocompany.com,+1 330-747-2661,1282766.0,00160000014BwRYAA0,No clear status found
"Infinite Agency, LLC",Advertising Services,10-Feb,TX,https://theinfiniteagency.com,+1 469-310-5870,2504997.0,00160000019GfvdAAC,No clear status found
Field LLP,Legal Services,201-500,AB,https://www.fieldlaw.com,+1 780-423-3003,869300.0,0016000000m2jb0AAA,No clear status found
"Zspace, Inc.",Computer Hardware Manufacturing,51-200,CA,http://zspace.com,+1 408-498-4050,63792.0,0016000000m459zAAA,No clear status found
Cactus Communications Inc.,Advertising Services,Nov-50,CO,http://www.cactusinc.com,+1 303-455-7545,73630.0,0016000000V7aQ8AAJ,No clear status found
Ryzlink Corp.,IT Services and IT Consulting,Nov-50,CA,www.ryzlink.com,+1 510-296-5433,1219543.0,0016000000slCqSAAU,No clear status found
Logiwa Corp,IT Services and IT Consulting,10-Feb,IL,http://www.logiwa.com,+1 312-731-1924,858615.0,0010d00001LDKX1AAP,No clear status found
"Speechify, Inc.",Software Development,1,CA,http://getspeechify.com,+1 415-306-6429,11111093.0,0010d00001LAU0FAAX,No clear status found
The Five Star Travel Corporation,Hospitality,51-200,GA,http://www.ForbesTravelGuide.com,+1 833-227-3454,1207367.0,0016000000m45YnAAI,No clear status found
Yager Group,E-Learning Providers,10001+,SC,http://ibocity.com,fXUhj2H72ppSYo7-TMgOirVJF2WQ3hYN0ksajwAA,15353879.0,0010d00001LAaeWAAT,No clear status found
"Infrrd, Inc.",Software Development,Nov-50,CA,https://www.infrrd.ai,+1 844-446-3773,16189247.0,0010d00001LXlqMAAT,No clear status found
"Commerce Banc Insurance Services, Inc.",Insurance,10001+,NJ,,+1 732-736-5200,35890.0,00160000014CB87AAG,No clear status found
Stay At Home Parents LLC,Farming,10-Feb,FL,stay-at-home-parents-llc.business.site,+1 352-681-1923,1676452.0,0013200001A3rdRAAR,No clear status found
Teravision Games LLC,Computer Games,10-Feb,FL,http://www.teravisiongames.com,+1 786-534-9931,550223.0,0016000000m4J3gAAE,No clear status found
Amenify Corporation,Real Estate,Nov-50,CA,http://www.Amenify.com,+1 877-824-5315,10624425.0,0013200001HVTkEAAX,No clear status found
Up In Code Inc.,Software Development,51-200,AB,http://www.showpass.com,+1 403-993-5961,10643466.0,0013200001HVdXJAA1,No clear status found
Iqbal Halal Foods Inc,Food and Beverage Services,Nov-50,ON,http://iqbalfoods.ca,+1 416-467-0177,7299886.0,0010d00001KfbBlAAJ,No clear status found
Waterloo-Wellington Flying Club,Airlines and Aviation,Nov-50,ON,http://www.wwfc.ca/,+1 519-648-2213,10101911.0,0010d00001JnDIlAAN,No clear status found
4th-IR,IT Services and IT Consulting,10-Feb,MI,http://4th-ir.com,+1 989-402-5441,22344581.0,0010d00001LAz5NAAT,No clear status found
Midwest Pipelines Inc.,Construction,201-500,ALBERTA,http://www.midwestpipelines.com,+1 780-454-1993,77738714.0,0010d00001JvAZ9AAN,No clear status found
RadiusAI Inc.,Software Development,10-Feb,AZ,http://www.radiusai.com,+1 602-329-5000,18611622.0,0010d00001MDJ6RAAX,No clear status found
BioTuring,Biotechnology Research,10-Feb,CA,http://www.bioturing.com,+1 760-804-6980,18431259.0,0010d00001MDnkAAAT,No clear status found
"Ascent Hospitality Management Co., L.L.C.",Hospitality,1001-5000,GA,http://www.ascent-hospitality.com,+1 770-904-0765,10433598.0,0010d00001MDpkSAAT,No clear status found
Hamilton Point Investments LLC,Real Estate,10-Feb,CT,http://www.hamiltonptinv.com,+1 860-598-4300,10350123.0,0010d00001MDYyYAAX,No clear status found
Collective Arts Brewing Limited,Food and Beverage Services,10-Feb,ON,http://www.collectiveartsbrewing.com,+1 289-208-7140,3197494.0,0010d00001MDuBlAAL,No clear status found
BROWN GOLF MANAGEMENT LLC,Hospitality,10-Feb,PA,https://greatlifegolf.com/,+1 717-525-9734,2027874.0,0010d00001NcNjjAAF,No clear status found
Independent Natural Food Retailers Cooperative,Retail,10-Feb,MN,http://www.naturalfoodretailers.net,+1 651-888-4700,1156087.0,0010d00001Nf7StAAJ,No clear status found
"Global Risk Solutions, Inc",Insurance,Nov-50,FL,http://www.globalrisksolutions.com,+1 305-523-6365,1752907.0,0010d00001QvD5VAAV,No clear status found
Proformance Roofing,Construction,Nov-50,FL,https://proformanceroofs.com/,+1 407-702-0206,35684759.0,0010d00001QvcjWAAR,No clear status found
"Bleav Entertainment, LLC",Spectator Sports,1,CA,https://bleav.com/,+1 323-878-0921,18902135.0,0010d00001QvcNSAAZ,No clear status found
"American Blue Ribbon Holdings, LLC",Restaurants,5001-10000,NM,http://www.villageinn.jobs,+1 505-821-5900,3238374.0,0013200001AbsnFAAR,No clear status found
"Shoe Sensation, Inc.",Retail Apparel and Fashion,501-1000,IN,http://www.shoesensation.com,+1 844-891-3070,331756.0,0016000000m38QcAAI,No clear status found
"Worth Ross & Associates, Inc.",Real Estate,Nov-50,TX,http://www.worthross.com,+1 214-522-1943,781183.0,0016000000m3EWwAAM,No clear status found
"Nexus Enterprises, LLC",Insurance,51-200,TX,http://www.nexmc.com,+1 888-309-2377,1320065.0,0016000000m3XmyAAE,No clear status found
Tayco Panelink Ltd,Furniture and Home Furnishings Manufacturing,201-500,ON,http://www.tayco.com,+1 416-252-8000,1134979.0,0016000000m3fP8AAI,No clear status found
"WASATCH PROPERTY MANAGEMENT, INC.",Real Estate,1001-5000,UT,http://www.wasatchgroup.com/,+1 435-755-2000,86434.0,0016000000m458IAAQ,No clear status found
Skjodt-Barrett Foods Inc,Food and Beverage Manufacturing,51-200,ON,http://www.skjodt-barrett.com,+1 905-671-2884,1607745.0,0016000000skQFpAAM,No clear status found
"San Antonio Shoe, Inc.",Retail,1001-5000,TX,http://SASshoes.com,+1 210-924-6561,3653796.0,0016000000zlaYgAAI,No clear status found
Vantage Bank Texas,Banking,201-500,TX,http://www.vantage.bank,+1 866-580-7262,2422093.0,0016000000skVWSAA2,No clear status found
"Tdn2k, LLC",Market Research,Nov-50,TX,http://www.blackboxintelligence.com,+1 972-364-0490,2562302.0,00160000017bqd5AAA,No clear status found
Jeff Ruby Culinary Entertainment,Restaurants,51-200,OH,http://www.jeffruby.com,+1 513-321-8080,1743815.0,00160000013TqZAAA0,No clear status found
"Clgt Solutions, LLC",Defense and Space Manufacturing,Nov-50,OH,http://www.clgtsolutions.com,+1 614-934-1194,1572042.0,00160000014BskZAAS,No clear status found
"21st Century Equipment, LLC",Farming,201-500,NE,http://www.21stcenturyequipment.net/Home.aspx,+1 308-262-1110,3802718.0,0013200001A3oyyAAB,No clear status found
"PHARMACY DATA MANAGEMENT, INC.",Pharmaceutical Manufacturing,51-200,OH,http://www.pdmi.com,+1 855-326-2160,1242190.0,0016000000m2QXzAAM,No clear status found
"UTC Overseas, Inc.","Transportation, Logistics, Supply Chain and Storage",51-200,NJ,http://www.utcoverseas.com,+1 201-558-9200,109238.0,0016000000T9ScBAAV,No clear status found
Bridge Realty LLC,Real Estate,10-Feb,MN,http://www.thebridgerealty.com,+1 952-368-0021,251029.0,0016000000T9WU3AAN,No clear status found
The Wedding Salon,Events Services,10-Feb,NY,www.WeddingSalon.com,+1 212-631-7777,402283.0,0016000000V7Zj2AAF,No clear status found
"Euroconsult, Inc",Investment Banking,10-Feb,NY,http://www.ec-ma.com,+1 212-972-4300,987613.0,0016000000eTfcHAAS,No clear status found
SHOP Companies,Real Estate,1,TX,http://www.shopcompanies.com/,+1 214-960-4545,3346669.0,0010d00001JnqrkAAB,No clear status found
"New Lab, LLC",IT Services and IT Consulting,51-200,NY,http://www.newlab.com,+1 718-488-7005,9459539.0,0010d00001KMgahAAD,No clear status found
Susan Foslien,Software Development,Nov-50,CA,www.susanofburlingame.com,+1 650-348-1372,6525444.0,0010d00001JkfvsAAB,No clear status found
Agvend Inc,Farming,Nov-50,MN,http://www.agvend.com,+1 877-575-3575,18205044.0,0010d00001KfrvnAAB,No clear status found
"Windrose Consulting Group, LLC",Business Consulting and Services,Nov-50,PA,http://www.windrosecg.com,+1 484-235-0599,9386662.0,0010d00001LAiOgAAL,No clear status found
"Raptor Maps, Inc.",Software Development,10-Feb,MA,http://www.raptormaps.com,+1 573-355-4936,10862227.0,0010d00001Kffa3AAB,No clear status found
"Lasso, LLC",Software Development,10-Feb,TN,http://www.lasso.io,+1 678-585-1500,9446499.0,0013200001HX9sJAAT,No clear status found
Northern Reflections Ltd,Retail,1001-5000,ON,http://northernreflections.com,+1 877-467-5967,36446.0,0016000000Ukq6ZAAR,No clear status found
"Trainual, Inc.","Technology, Information and Internet",Nov-50,AZ,https://www.trainual.com,+1 602-691-6129,18250517.0,0010d00001Kg2LhAAJ,No clear status found
Allrig Inc,Oil and Gas,10-Feb,TX,http://www.allriggroup.com,+1 985-851-5474,3501011.0,0013200001DIo6xAAD,No clear status found
weareteachers,Media Production,Nov-50,NJ,http://www.weareteachers.com,,562122.0,0013200001FawYrAAJ,No clear status found
"Epaypolicy, LLC",Insurance,Nov-50,TX,https://epaypolicy.com,+1 844-372-9300,10383811.0,0013200001GNq4DAAT,No clear status found
"Motorq, LLC",Software Development,Nov-50,CA,https://www.motorq.com/,+1 415-779-0525,18161838.0,0010d00001LAyJDAA1,No clear status found
"CALLTEK, INC.",IT Services and IT Consulting,1,CA,http://www.calltekinc.com,+1 949-268-9128,15454502.0,0010d00001JSMeSAAX,No clear status found
The Fordham Ram,Newspaper Publishing,Nov-50,NY,https://fordhamram.com/,+1 718-817-1000,11329212.0,0010d00001KfaaoAAB,No clear status found
PML Professional Mechanical Ltd,Construction,Nov-50,BC,http://www.pmlbc.com,+1 604-468-9999,17919780.0,0010d00001JsL2VAAV,No clear status found
"National Tank & Equipment, LLC",Environmental Services,51-200,TX,http://nterents.com,+1 888-213-7950,15171860.0,0010d00001ME4dKAAT,No clear status found
Breezeway,"Technology, Information and Internet",51-200,MA,https://www.breezeway.io/,+1 857-600-2799,12956456.0,0010d00001MDKRgAAP,No clear status found
Exchange Technology Services,IT Services and IT Consulting,Nov-50,MB,http://exchangetech.ca,+1 204-956-6235,17901282.0,0010d00001ME2UFAA1,No clear status found
"Kickstart Productions, Inc.",Entertainment Providers,10-Feb,CA,http://kickstartent.com/,+1 310-264-1757,7799606.0,0010d00001MDa1PAAT,No clear status found
Cardinal Plus,"Transportation, Logistics, Supply Chain and Storage",10-Feb,OH,http://www.cardinal.co.uk,+1 614-891-7781,4772354.0,0010d00001MD9NoAAL,No clear status found
Blue Spire Inc,IT Services and IT Consulting,10-Feb,AZ,http://www.Thebluespire.com,+1 480-938-1999,10416260.0,0010d00001MDA7HAAX,No clear status found
University of California San Diego,Research Services,51-200,CA,https://actri.ucsd.edu,+1 858-822-0268,18034997.0,0010d00001ME8ftAAD,No clear status found
VP Protection Inc,Security and Investigations,201-500,ON,http://www.vpprotection.com,+1 416-218-3226,13995449.0,0010d00001LNvwmAAD,No clear status found
"Loxo, LLC",Software Development,10-Feb,CO,http://www.loxo.co/,,2720810.0,0010d00001QvoQjAAJ,No clear status found
Ozark National Life Insurance Company,Insurance,51-200,MO,http://ozark-national.com/,+1 816-842-6300,9532210.0,0010d00001JsB3wAAF,No clear status found
Cervera Real Estate Inc,Real Estate,10-Feb,FL,http://www.cervera.com,+1 305-374-3434,829694.0,0016000000lc5JfAAI,No clear status found
"Atlantic Coast Athletic Clubs, L.P.",Recreational Facilities,51-200,VA,http://www.acac.com,+1 434-978-3800,139467.0,0016000000lcyv7AAA,No clear status found
Cipher Pharmaceuticals Inc,Pharmaceutical Manufacturing,Nov-50,ON,http://www.cipherpharma.com,+1 905-602-5840,1778243.0,0016000000lcyipAAA,No clear status found
CPR Cell Phone Repair,Retail,10-Feb,OH,https://www.cellphonerepair.com/,+1 877-856-5101,3163658.0,00160000013SiebAAC,No clear status found
Bergman & Moore,Law Practice,10-Feb,MD,http://vetlawyers.com/,+1 877-838-2889,1049584.0,0013200001BxN2SAAV,No clear status found
"Jhl Enterprises, Inc.",Construction,Nov-50,CO,http://www.jhlconstructors.com,+1 303-741-6116,1130507.0,0016000000m3RlzAAE,No clear status found
"Pillinger Miller Tarallo, LLP",Legal Services,10-Feb,NY,https://www.pmtlawfirm.com,+1 914-703-6300,5159639.0,0013200001By0tXAAR,No clear status found
Bobbitt Construction Inc.,Construction,51-200,NC,http://bobbitt.com,+1 919-851-1980,98351.0,0016000000m3tAxAAI,No clear status found
Ambridge Partners LLC,Insurance,Nov-50,NY,http://www.ambridge-group.com,+1 212-871-5400,2979625.0,0013200001By4TeAAJ,No clear status found
Phyllis Browning Company,Real Estate,Nov-50,TX,http://www.phyllisbrowning.com,+1 210-824-7878,84108.0,0016000000m44r7AAA,No clear status found
Emerald Cruises,Travel Arrangements,10-Feb,FL,emeraldwaterways.com,+1 857-365-6271,5066803.0,0013200001BzV9fAAF,No clear status found
Mhbc Planning,Architecture and Planning,51-200,ON,http://www.mhbcplan.com,+1 905-761-5588,367893.0,0016000000m4JW4AAM,No clear status found
"Mksk, Inc.",Design Services,51-200,OH,http://www.mkskstudios.com/,+1 614-621-2796,2617302.0,0016000000skNsIAAU,No clear status found
"AM Biopharm, Inc.",Biotechnology Research,201-500,SC,http://www.ambiopharm.com,+1 415-921-3593,651007.0,0016000000skRFTAA2,No clear status found
Oktana Corporation,IT Services and IT Consulting,51-200,NY,http://www.oktana.com,+1 212-655-3089,3880229.0,0013200001BsqweAAB,No clear status found
Caffe Demetre Franchising Corp,Restaurants,10-Feb,ON,https://demetres.com,+1 844-544-3311,2875527.0,00160000017brC6AAI,No clear status found
"Continental Linen Services, Inc.",Textile Manufacturing,201-500,MI,http://www.clsimage.com,+1 800-875-4636,275926.0,0016000000vcPzCAAU,No clear status found
"Clare V., LLC",Retail Apparel and Fashion,10-Feb,CA,http://www.clarev.com,+1 213-483-2247,3150469.0,00160000017brl7AAA,No clear status found
"Grady Management, Inc.",Real Estate,201-500,MD,http://www.gradymgt.com/,+1 301-587-3330,1412695.0,00160000013TpS0AAK,No clear status found
"Great Lakes Wine & Spirits, LLC",Beverage Manufacturing,501-1000,MI,www.glwas.com,+1 313-453-2200,1939322.0,00160000013TpTnAAK,No clear status found
"Gulf Distributing Co. of Mobile, L.L.C.",Food and Beverage Services,201-500,AL,http://www.gulfdistributingholdings.com,+1 251-476-9600,1742672.0,00160000019Gg81AAC,No clear status found
"Heritage Tractor, Inc.",Farming,201-500,KS,http://www.HeritageTractor.com,+1 877-594-6486,4151581.0,0013200001A3pjSAAR,No clear status found
ViewTrade Holding Corp.,Financial Services,51-200,NJ,https://www.viewtrade.com,+1 201-217-4422,127486.0,00160000014CABZAA4,No clear status found
Washington Corporations,Truck Transportation,1001-5000,MT,https://www.washingtoncompanies.com/contactus.php,+1 406-523-1300,6677105.0,00160000014D4fHAAS,No clear status found
"Kampgrounds of America, Inc.",Recreational Facilities,501-1000,MT,http://koa.com/,+1 406-248-7444,277083.0,0016000000m2xBlAAI,No clear status found
"Unbridled Solutions, L.L.C.",Events Services,Nov-50,CO,http://unbridled.com,+1 303-296-7993,124758.0,00160000014Bt0QAAS,No clear status found
Canadian Light Source Inc,Research Services,51-200,SK,http://www.lightsource.ca,+1 306-657-3500,113744.0,0016000000T9R9JAAV,No clear status found
Arizona Tile,Wholesale Building Materials,501-1000,AZ,http://www.arizonatile.com,+1 480-893-9393,48486.0,0016000000V7ZUEAA3,No clear status found
"Ritter Insurance Marketing, LLC",Insurance,51-200,PA,https://www.ritterim.com,+1 800-769-1847,208175.0,0016000000V7avZAAR,No clear status found
"Linens 'n Things, Inc.",Retail,10001+,NJ,http://www.lnt.com,+1 973-778-1300,8525.0,0016000000VuwQ3AAJ,No clear status found
"Bronsberg & Hughes Pontiac, Inc.",Financial Services,51-200,PA,http://www.financeofamerica.com,+1 570-288-7411,1188600.0,00160000014BtquAAC,No clear status found
King of Freight LLC,Truck Transportation,201-500,KS,http://www.kingoffreight.com,+1 888-924-0686,4786256.0,0013200001BxpwVAAR,No clear status found
"VETRO, Inc.",Software Development,10-Feb,ME,http://www.vetrofibermap.com,+1 207-221-6627,10587676.0,0013200001GOGQ3AAP,No clear status found
"Hakes Brothers, LLC",Real Estate,10-Feb,NM,http://www.hakesbrothers.com,+1 575-373-1120,10489583.0,0010d00001JkNQYAA3,No clear status found
"Custom Goods, LLC",Warehousing and Storage,201-500,CA,www.custom-goods.com,+1 310-241-6700,4718778.0,0010d00001Kg04jAAB,No clear status found
Polar Asset Management Partners Inc,Investment Management,Nov-50,ON,http://www.polaramp.com,+1 416-367-4364,1493463.0,0013200001AMpM6AAL,No clear status found
Mactores Cognition Inc.,IT Services and IT Consulting,51-200,WA,http://www.mactores.com,+1 650-436-9671,334966.0,0010d00001JsTrbAAF,No clear status found
Zanchin Auto Group Ltd,Motor Vehicle Manufacturing,10-Feb,ON,http://www.zanchinauto.com,+1 905-417-2050,2972895.0,0013200001BrZR6AAN,No clear status found
Rater8 LLC,Software Development,10-Feb,NJ,http://www.rater8.com,+1 844-384-7544,10439596.0,0013200001GNouWAAT,No clear status found
Newton Crypto Ltd,Financial Services,10-Feb,ON,https://newton.co/,+1 647-519-3878,28616957.0,0010d00001LWQ2QAAX,No clear status found
JMT Consultants Inc,Civil Engineering,10-Feb,MB,http://www.jmtconsultants.com,+1 888-781-8952,887804.0,0010d00001JnTIYAA3,No clear status found
Meseras,"Technology, Information and Internet",10001+,CA,http://www.meseras.com,+1 833-637-3727,4787199.0,0010d00001LX6r1AAD,No clear status found
FIREFLY SYSTEMS INC,Advertising Services,Nov-50,CA,https://www.fireflyon.com,(999) 888-7777,18243911.0,0010d00001MClNDAA1,No clear status found
"Cresta Energy Fund Management, LLC",Investment Management,Nov-50,TX,http://www.crestafunds.com/,+1 214-310-1230,33217086.0,0010d00001MDzFHAA1,No clear status found
"Atlas Space Operations, Inc.",Defense and Space Manufacturing,Nov-50,MI,https://www.atlasground.com/,+1 231-598-6184,6586618.0,0010d00001ME42mAAD,No clear status found
Triple Point Security Incorporated,Computer and Network Security,10-Feb,VA,http://www.triplepointsecurity.com,+1 703-788-6781,11135104.0,0010d00001MDayCAAT,No clear status found
AeroPay,Financial Services,10-Feb,IL,http://aeropay.com,+1 773-857-0105,18082974.0,0010d00001LNtaSAAT,No clear status found
Compass Health Consultants,Insurance,10-Feb,MO,http://www.chcquotes.com,+1 314-500-1301,18769386.0,0010d00001NDojbAAD,No clear status found
Eastern Airlines LLC,Airlines and Aviation,201-500,PA,http://www.goeasternair.com,+1 336-790-7730,33251059.0,0010d00001QvYmtAAF,No clear status found
Carlyle Aviation Partners,Airlines and Aviation,Nov-50,FL,http://www.carlyle.aero,+1 305-579-2340,35489131.0,0010d00001Qvq4fAAB,No clear status found
"Elevation Land Solutions, LLC",Civil Engineering,Nov-50,TX,https://www.elevationlandsolutions.com,+1 832-823-2200,69921973.0,0016Q00001dg8lHQAQ,No clear status found
Plenary Group Canada Ltd,Financial Services,10-Feb,ON,https://www.plenarygroup.com,+1 416-309-2200,42372961.0,0016Q00001dgJuZQAU,No clear status found
FlyFlat,Airlines and Aviation,Nov-50,TX,http://www.fly-flat.com,+1 833-435-9249,19115283.0,001Kf0000178ocuIAA,No clear status found
TA Fintech Inc.,"Technology, Information and Internet",1,NY,http://tradealgo.com,+1 877-639-1327,94728761.0,001Kf0000155HQ2IAM,No clear status found
"Zanskar Geothermal & Minerals, Inc.",Renewable Energy Semiconductor Manufacturing,10-Feb,UT,https://www.zanskar.com/,+1 503-890-1714,82774100.0,0016Q00001ddZUZQA2,No clear status found
The Private Firm,Legal Services,10-Feb,MI,https://www.thefirm.net,+1 248-840-3139,69807881.0,0010d00001WBsRkAAL,No clear status found
Upperhand Creative LLC,Design Services,10-Feb,FL,http://www.UpperhandCreative.com,,25042676.0,0010d00001U5TbJAAV,No clear status found
D4U Immigration,Legal Services,Nov-50,DC,https://www.d4uusa.com/,+1 954-478-8593,12998720.0,0010d00001U5aK4AAJ,No clear status found
Crowdbotics Corporation,Software Development,Nov-50,CA,https://crowdbotics.com/,+1 510-399-1776,17937943.0,0010d00001U5PHtAAN,No clear status found
Infostrux Solutions,IT Services and IT Consulting,10-Feb,BC,https://www.infostrux.com,+1 800-420-6000,71373516.0,0010d00001U5bKVAAZ,No clear status found
Media Thesis,Marketing Services,10-Feb,NJ,www.mediathesis.com,,104961348.0,0016Q000029jLqMQAU,No clear status found
Neeve AI,Data Security Software Products,1,CA,neeve.ai,+1 415-237-1894,103360608.0,0016Q000028rHx9QAE,No clear status found
Daqing Oilfield  Company Limited,Oil and Gas,10-Feb,CA,,,8314919.0,0016Q000029lTtAQAU,No clear status found
ORION VLSI Technologies LLC,Semiconductor Manufacturing,51-200,TX,https://orionvtech.com/,,90948114.0,0016Q000028sPXrQAM,No clear status found
SEOYON E-HWA,IT Services and IT Consulting,Nov-50,GA,https://seo-yon.com/eng/,+1 248-836-7071,63505982.0,001Kf0000155RzVIAU,No clear status found
"Blockchain Game Partners, Inc",Computer Games,10-Feb,WY,https://app.gala.games/,+1 760-867-0625,68601129.0,0016Q00001ZY98UQAT,No clear status found
"Elite Casino Resorts, LLC",Gambling Facilities and Casinos,1001-5000,IA,elitecasinoresorts.com,+1 319-648-1234,55455859.0,0016Q00001ZYKJoQAP,No clear status found
Monarch Alternative Capital LP,Financial Services,51-200,NY,www.monarchlp.com,+1 212-554-1700,80017472.0,0016Q00001ZZ9rkQAD,No clear status found
Working for myself,Design,10-Feb,CA,http://www.emilyannstone.com,,27023688.0,0016Q000029lclLQAQ,No clear status found
Valley Fiber Ltd.,Telecommunications,1,MB,http://www.valleyfiber.ca,+1 800-958-5698,35663126.0,0016Q00001mpddFQAQ,No clear status found
TGW North America,"Transportation, Logistics, Supply Chain and Storage",1001-5000,MI,https://www.tgw-group.com/us,555555,40817470.0,0016Q00001svPhqQAE,No clear status found
DraftSourcing,Telecommunications,Nov-50,TX,http://www.draftsourcing.com,+1 469-270-7799,75049502.0,0016Q00001otQTIQA2,No clear status found
Bold Estimation,Construction,51-200,OK,http://www.boldestimation.com,555555,64977588.0,0016Q00001svQkVQAU,No clear status found
"Cellino Biotech, Inc.",Biotechnology Research,10-Feb,MA,cellinobio.com,+1 857-209-4009,20153010.0,0016Q000026pFvJQAU,No clear status found
Falcon Risk Services,Insurance,51-200,NY,https://www.falconriskservices.com/,,73233036.0,0016Q000026pKN9QAM,No clear status found
"Accretive Insurance Solutions, Inc.",Insurance,1001-5000,FL,https://www.accretive-ins.com/,555-555-5555,81945980.0,0016Q00001vTyUYQA0,No clear status found
KUKA HOME North America,Furniture and Home Furnishings Manufacturing,10001+,NC,,-6664,29852499.0,0016Q00001xZSwGQAW,No clear status found
DAQA,Computer Games,10-Feb,CA,www.daqa.net,5555555555,18523304.0,0016Q00001zGxHcQAK,No clear status found
"Maverick Beverage Company Texas, LLC",Wholesale,10-Feb,TX,www.maverickbev.com,+1 214-256-5676,58750908.0,0016Q00001ouuaLQAQ,No clear status found
Gamma,Software Development,Nov-50,CA,www.gamma.app,+1 516-610-3404,74998228.0,0016Q00001sDictQAC,No clear status found
Soli Organic Inc.,Farming,1001-5000,VA,http://www.soliorganic.com,555-555-5555,76601483.0,0016Q00001vTvWtQAK,No clear status found
"Flying Solo Nyc, Inc.",Retail Apparel and Fashion,51-200,NY,http://flyingsolo.nyc,555-555-5555,11784841.0,0016Q00001xXBOiQAO,No clear status found
GUIDE Real Estate,Real Estate,51-200,CA,www.guiderealestate.com,-6664,71070453.0,0016Q00001xarozQAA,No clear status found
"TAYLOR MORRISON HOME FUNDING, Inc. - NMLS-8588  ",Banking,51-200,AZ,taylormorrisonhf.com,+1 239-444-2931,61471017.0,0016Q00001zHEO0QAO,No clear status found
Deep Origin,Biotechnology Research,Nov-50,CA,deeporigin.com,,96164838.0,0016Q000024UnIfQAK,No clear status found
VOZE,Software Development,51-200,UT,https://www.voze.com/,555-555-5555,82650002.0,0016Q00001xXBKHQA4,No clear status found
HiBid Auctions,Advertising Services,1001-5000,FL,hibid.com,+1 503-429-2520,18834081.0,0016Q000021sU8tQAE,No clear status found
"All-Weather Seal of West Michigan, Inc.",Construction,Nov-50,MI,http://www.allweathersealinc.com,+1 616-897-7300,3549100.0,0016Q00001xar3UQAQ,No clear status found
Soccer Post,Retail,1,NJ,http://soccerpost.com,-6664,3115725.0,0016Q00001xar8jQAA,No clear status found
Evoke Advisors,Investment Management,Nov-50,CA,www.evokeadvisors.com/,-6664,68877780.0,0016Q00001xarr5QAA,No clear status found
Clearly Promotions,Events Services,10001+,UT,http://www.clearlypromotions.com,+1 407-780-2812,9738225.0,0016Q00001zHPNkQAO,No clear status found
THK Portland Michigan,Motor Vehicle Manufacturing,201-500,MI,https://www.thk-rhythm-auto.com/na,+1 361-643-2511,20360385.0,0016Q00001zHDS6QAO,No clear status found
Independent Projects,Advertising Services,10-Feb,CA,ipro4u.com,+1 213-617-3294,619716.0,0016Q00001zHb3rQAC,No clear status found
Revolution Space,Defense and Space Manufacturing,10-Feb,MA,www.revolutionspace.com,+1 617-337-5115,96880435.0,0016Q000024STu6QAG,No clear status found
"ACQUISITION.COM, LLC",Venture Capital and Private Equity Principals,10-Feb,TX,www.acquisition.com/terms,,78459011.0,0016Q000026OwZvQAK,No clear status found
Cura Hospitality,Food and Beverage Services,1001-5000,PA,http://curahospitality.com,555555,60059619.0,0016Q00001svPRQQA2,No clear status found
TRUEBRIDGE,Marketing Services,10-Feb,TN,www.truebridge.io/,,89711496.0,0016Q000024QsxKQAS,No clear status found
"FALCOMM, INC.",Semiconductor Manufacturing,10-Feb,GA,myfalcomm.com,+1 954-639-6873,72467791.0,0016Q000024SeAWQA0,No clear status found
"AsInt, Inc.","Technology, Information and Internet",10-Feb,TX,www.asint.net,+1 713-306-3052,29003903.0,0016Q000026S2iAQAS,No clear status found
"Portal Innovations, LLC",Biotechnology Research,Nov-50,IL,http://www.portalinno.com,555-555-5555,65465077.0,0016Q00001srZtPQAU,No clear status found
Rocket Central,IT Services and IT Consulting,1001-5000,MI,http://www.rocketcentral.com,555555,7162834.0,0016Q00001svNlFQAU,No clear status found
"E.E. Reed Construction - East Coast, LLC",Construction,51-200,VA,https://www.eereedeast.com/,,71689385.0,0016Q000024Ty6eQAC,No clear status found
Bizinc,"Technology, Information and Internet",10-Feb,GA,bizinc.io/,+1 763-856-5609,85615885.0,0016Q000021sOyUQAU,No clear status found
"Dhar Mann Studios, Inc.",Online Audio and Video Media,51-200,CA,www.dharmann.com/,-6664,28841511.0,0016Q00001xZ4JbQAK,No clear status found
Tarkett Hospitality,Hospitality,10001+,GA,www.tarketthospitality.com/,-6664,76312729.0,0016Q00001xarGJQAY,No clear status found
"Clazar, Inc.",Software Development,10-Feb,TX,www.clazar.io,+1 650-799-3761,89982281.0,0016Q00001ot00HQAQ,No clear status found
ABS Digital Solutions LLC,IT Services and IT Consulting,Nov-50,TX,https://www.abswavesight.com/,555-555-5555,91507537.0,0016Q00001vTgjmQAC,No clear status found
PI Networks Inc.,Software Development,1,CA,https://minepi.com/,+1 925-639-6104,19006062.0,0016Q00001xYC0RQAW,No clear status found
"Patrick Ta Beauty, LLC",Personal Care Product Manufacturing,Nov-50,CA,http://patrickta.com/,-6664,71686837.0,0016Q00001xZ4L7QAK,No clear status found
Centex Petroleum,Oil and Gas,51-200,AB,https://www.centexpetroleum.com/,+1 403-266-3886,60103194.0,0016Q00001zHHI2QAO,No clear status found
Puttery,Hospitality,1001-5000,TX,www.puttery.com,555555,72996840.0,0016Q00001svQNKQA2,No clear status found
HOOSIER CONSULTING NETWORK LLC,Business Consulting and Services,Nov-50,IN,hoosierconsulting.wixsite.com/hoosiers,,72584334.0,0016Q000024TljUQAS,No clear status found
"Echo Laboratories, Inc.",Software Development,10-Feb,CA,https://el.ai/,+1 234-646-7787,92603747.0,0016Q000025qyYMQAY,No clear status found
Village Super Market,Food & Beverages,5001-10000,NJ,https://www.myvillagesupermarket.com/,555555,42772080.0,0016Q00001svQ3mQAE,No clear status found
Kumquat Biosciences Inc.,Biotechnology Research,Nov-50,CA,http://Kumquatbiosciences.com,555555,28395011.0,0016Q00001svQL9QAM,No clear status found
"MTL Holdings, LLC",Manufacturing,201-500,TN,mtl-holdings.com/,+1 800-558-2162,82321674.0,0016Q000021sRpmQAE,No clear status found
Thinkhat Software Inc.,Software Development,Nov-50,NY,https://www.thinkhat.ai/,-6664,92184856.0,0016Q00001xapLsQAI,No clear status found
Savvy Sliders,Restaurants,5001-10000,MI,www.savvysliders.com,+1 904-491-5499,96067760.0,0016Q00001zG9R5QAK,No clear status found
Earth Brands,Food and Beverage Services,10-Feb,CO,earthbrands.earth/,+1 303-671-6660,76079104.0,0016Q00001zHXUpQAO,No clear status found
GROWTH CO MARKETING LLC,Advertising Services,Nov-50,IN,https://growthcomarketing.com,+1 771-240-3537,75660123.0,0016Q000026rYQiQAM,No clear status found
Aalo Atomics,Nuclear Electric Power Generation,Nov-50,TX,https://www.aalo.com/,123456789,90658467.0,0016Q000027mIuMQAU,No clear status found
"Bora Pharmaceuticals Injectables, Inc.",Pharmaceutical Manufacturing,10-Feb,DE,www.bora-corp.com/,+1 647-223-5807,,0016Q00001ssVwJQAU,No clear status found
BDP Quadrangle,Architecture and Planning,201-500,Ontario,www.bdpquadrangle.com,555555,69184085.0,0016Q00001svQbaQAE,No clear status found
General Services Corporation (GSC Apartments),Real Estate,1001-5000,VA,gscapts.com,+1 804-298-3381,75038941.0,0016Q000024UiYpQAK,No clear status found
Higgsfield Inc.,"Technology, Information and Internet",Nov-50,DE,www.higgsfield.ai,,98858845.0,0016Q000025q5C3QAI,No clear status found
One Banana,Food and Beverage Manufacturing,10001+,FL,http://www.onebananas.com,555-555-5555,68126377.0,0016Q00001xXEDbQAO,No clear status found
Qdoba Mexican Eats - Urban Eats LLC,Restaurants,Nov-50,PA,https://www.qdoba.com/,+1 480-855-0411,35645057.0,0016Q000021sxgQQAQ,No clear status found
Legacy Agencies,Insurance,10-Feb,IL,www.legacy-agencies.com,-6664,76486724.0,0016Q00001xaqlVQAQ,No clear status found
BullMont,Financial Services,Nov-50,CA,www.bullmontcapital.com/,5555555555,92882921.0,0016Q000021sTOkQAM,No clear status found
Teton Ridge,Entertainment,51-200,IL,http://www.tetonridge.com,5555555555,60112708.0,0016Q000021sZq7QAE,No clear status found
Bayside Geoscience,Mining,51-200,Ontario,www.baysidegeoscience.com,-6664,86868848.0,0016Q00001xaqoAQAQ,No clear status found
Front Range Injury Attorneys,Law Practice,10001+,CO,https://frontrangefirm.com,5555555555,86159584.0,0016Q000021sOfXQAU,No clear status found
Essentials,Information Technology & Services,201-500,CA,https://www.archwellessentials.com/,+1 818-706-1888,79404408.0,0016Q000021sYrEQAU,No clear status found
McMaster Rocketry Team,Aviation & Aerospace,Nov-50,Ontario,https://macrocketry.ca/,-6664,25057560.0,0016Q00001xaqwEQAQ,No clear status found
MVPR,Public Relations and Communications Services,Nov-50,NY,www.mvpublicrelations.com,-6664,66283907.0,0016Q00001xarGTQAY,No clear status found
Akron RubberDucks,Spectator Sports,Nov-50,OH,www.milb.com/akron,+1 330-253-5151,65417593.0,0016Q00001zH5PoQAK,No clear status found
BBDO LA,Advertising Services,51-200,CA,https://BBDOLA.com,555555,74710811.0,0016Q00001svQCSQA2,No clear status found
"NEWPARTS, INC",Wholesale Motor Vehicles and Parts,51-200,TN,www.newparts.com,,81963908.0,0016Q000024TLXIQA4,No clear status found
Freshstone Brands Inc.,Food and Beverage Manufacturing,1001-5000,Ontario,http://www.freshstonebrands.com,555-555-5555,12576511.0,0016Q00001vTfw9QAC,No clear status found
Signitives,IT Services and IT Consulting,51-200,CA,https://signitives.net,+1 530-273-0381,80069979.0,0016Q00001xYzMvQAK,No clear status found
Instrumental Group LLC,Marketing Services,10-Feb,CO,www.instrumental.net/,+1 303-945-4341,79918123.0,0016Q00001xaBKaQAM,No clear status found
"Triomics, Inc.","Technology, Information and Internet",Nov-50,CA,https://www.triomics.in/,+1 707-227-9112,75527963.0,0016Q00001suLaSQAU,No clear status found
CSI Construction Company,Construction,51-200,CO,http://www.csigc.com,555555,1503180.0,0016Q00001svQN5QAM,No clear status found
Harrington,Hospitality,10-Feb,ON,harringtonhousing.com/,+1 705-438-5153,56455331.0,0016Q000021sZsjQAE,No clear status found
Wallace Miller,Law Practice,Nov-50,IL,www.wallacemiller.com/,+1 610-279-6759,77040133.0,0016Q000021sZbDQAU,No clear status found
"Senores Pharmaceuticals, Inc.",Pharmaceutical Manufacturing,1001-5000,GA,www.senorespharma.com,+1 847-682-0721,43219399.0,0016Q00001xZ3GTQA0,No clear status found
Onspire Health Marketing,Marketing Services,51-200,NC,onspirehealthmarketing.com,,103372172.0,0016Q000028t8IkQAI,No clear status found
Data Engineer Academy,Software Development,Nov-50,WA,dataengineeracademy.com,,101116120.0,0016Q000028tGC2QAM,No clear status found
Squint,Software Development,1,CA,https://www.squint.ai/,,78409166.0,0016Q00001XP4rOQAT,No clear status found
GTMfund LLC,Venture Capital and Private Equity Principals,10-Feb,AZ,www.gtmfund.com,,70877533.0,0016Q00001ZVpBfQAL,No clear status found
Green Places,Environmental Services,10-Feb,NC,http://www.greenplaces.com,555-555-5555,72677516.0,0016Q00001W3AM7QAN,No clear status found
Adelaide,Advertising Services,Nov-50,NY,https://adelaidelift.com/,+1 612-968-9920,35687443.0,0016Q00001W3Ec7QAF,No clear status found
Leverify LLC,Wholesale,10-Feb,WA,https://www.leverify.com/,+1 425-654-0681,40676932.0,0016Q00001XLBLgQAP,No clear status found
NC Carolina Core,Sports Teams and Clubs,Nov-50,NC,https://moreinthecore.com/,+1 336-668-4556,89785073.0,0016Q000029ib8NQAQ,No clear status found
Oak Hill Country Club,Hospitality,51-200,NY,https://www.oakhillcc.com/,+1 585-586-1660,11827138.0,0016Q00001W37VPQAZ,No clear status found
Ampersand Management LLC,Venture Capital and Private Equity Principals,Nov-50,MA,www.ampersandcapital.com,+1 781-239-0700,7143405.0,0016Q00001VoAIqQAN,No clear status found
Boson AI USA Inc.,Research Services,1,CA,boson.ai,+1 408-886-9977,99060536.0,0016Q00002BTKVaQAP,No clear status found
Jbier Inc,Retail Apparel and Fashion,10-Feb,NY,https://www.jbierboutique.com/,+1 631-790-8763,67188589.0,0010d00001U4fxrAAB,No clear status found
Friendly's Restaurants,Restaurants,1001-5000,TX,https://www.friendlysrestaurants.com/,,4484114.0,0010d00001U4vpbAAB,No clear status found
Acushnet Holdings Corp.,Sporting Goods Manufacturing,5001-10000,MA,http://acushnetholdingscorp.com,,62699566.0,0016Q000026QROnQAO,No clear status found
Tulane Entertainment Business Network,Entertainment,Nov-50,LA,,,76110948.0,0016Q000028sgouQAA,No clear status found
"Shef, Inc.",Consumer Services,10-Feb,CA,https://www.shef.com/,+1 415-825-7433,35562272.0,0016Q00001WDPydQAH,No clear status found
"Bdr Solutions, LLC",IT Services and IT Consulting,Nov-50,MD,https://www.bdrsolutionsllc.com/,+1 240-638-2781,33177266.0,0016Q00001WCxIcQAL,No clear status found
SENTIENT DREAMS INC,"Technology, Information and Internet",10-Feb,NY,sentient.foundation,123456789,103208018.0,0016Q000026rsiSQAQ,No clear status found
Developmental Pathways Inc,Individual and Family Services,10-Feb,CA,https://www.dpica.com/contact-us-5/,+1 800-930-5773,8214874.0,0016Q00001W2VfYQAV,No clear status found
Viewrail,Wholesale Building Materials,Nov-50,IN,https://www.viewrail.com/,+1 866-261-8013,74699138.0,0016Q00001XNnywQAD,No clear status found
"PRO SHOP HOLDINGS, INC.",Media Production,,FL,proshop.inc,1234567890,100902717.0,0016Q000029j1wMQAQ,No clear status found
Category 10,Restaurants,201-500,TN,www.category10.com/#:~:text=Opening%20November%202024.%20Luke%20Combs%20is%20bringing%20the%20storm%20with,,104971521.0,0016Q000029iQ9VQAU,No clear status found
"Coleman Environmental Engineering, Inc.",Environmental Services,201-500,CA,http://www.colemanenv.com,,76179716.0,0016Q00002AkLPEQA3,No clear status found
"Proscore Technologies, LLC",Software Development,1,TX,proscore.ai/,,102674235.0,0016Q000028r00iQAA,No clear status found
"Genie Ai, Inc.","Technology, Information and Internet",Nov-50,ON,https://www.genieai.io/,+1 888-309-1114,90534409.0,0016Q000029iSBiQAM,No clear status found
Serotonin Inc,Advertising Services,Nov-50,DE,Serotonin.co,5555555555,71154724.0,0016Q00001XOgUqQAL,No clear status found
"FlyUSA, Inc.",Airlines and Aviation,Nov-50,FL,flyusa.com,+1 512-270-6299,68211523.0,0016Q00001ifJhGQAU,No clear status found
Dealer Alchemist,Motor Vehicle Manufacturing,Nov-50,CO,https://www.dealeralchemist.com,+1 720-792-3003,64772958.0,0016Q00001ieE7nQAE,No clear status found
Benestar Brands LLC,Food and Beverage Manufacturing,201-500,IL,www.benestarbrands.com/,+1 888-643-8267,64733426.0,0016Q00001ZXsPQQA1,No clear status found
Infinity Solar USA,Environmental Services,51-200,WA,infinitysolarusa.com,+1 425-242-6687,64736463.0,0016Q00001ZXce4QAD,No clear status found
Kelley Austin Ventures LLC,IT Services and IT Consulting,10-Feb,TX,https://www.kelleyaustin.com,+1 214-918-5134,71307730.0,0016Q00001ZXaofQAD,No clear status found
Scout Clinical,Biotechnology Research,51-200,TX,https://scoutclinical.com/,555-555-5555,64645559.0,0016Q00001bckJTQAY,No clear status found
"SIGNIA AEROSPACE HOLDINGS, INC.",Aviation and Aerospace Component Manufacturing,51-200,CO,https://signiaaerospace.com/,,81931978.0,001Kf00001557qwIAA,No clear status found
"Groundtruth Ag, Inc.",IT Services and IT Consulting,Nov-50,VA,earthoptics.com/,+1 703-239-3218,69174047.0,0016Q00001mlqq7QAA,No clear status found
"Iq Fiber, LLC",Telecommunications,51-200,FL,https://www.iqfiber.com/,+1 904-289-1000,71925540.0,0016Q00001mmviRQAQ,No clear status found
STRATEGIC MISSION CRITICAL LLC,Engineering Services,Nov-50,CA,www.smc-eng.com,,103568429.0,0016Q000029m3OiQAI,No clear status found
Beautyrightback Inc.,"Technology, Information and Internet",Nov-50,CA,www.BeautyRightBack.com,,103990753.0,0016Q000027mzpqQAA,No clear status found
Process and Data Automation LLC,Automation Machinery Manufacturing,10-Feb,PA,https://www.processanddata.com/,+1 814-866-9600,,001Kf000018SsXnIAK,No clear status found
Tern Systems,"Technology, Information and Internet",Nov-50,NJ,https://ternsystems.wixstudio.io/mysite,,88651201.0,0016Q000028sV2yQAE,No clear status found
"Flint Communications, Inc.",Marketing Services,51-200,ND,https://flint-group.com/,+1 701-237-4850,33037.0,0016Q00002AlWzbQAF,No clear status found
"Tandem Technology, Inc.",Consumer Services,1,NY,withtandem.com,+1 518-588-5102,93670294.0,0016Q000027lwXrQAI,No clear status found
The Moore,Hospitality,51-200,FL,www.mooremiami.com,,96689783.0,0016Q000029lV46QAE,No clear status found
AEGIS DIGITAL LLC,IT Services and IT Consulting,51-200,TX,www.aegisdn.com,,99208597.0,0016Q000028sC4DQAU,No clear status found
"Brazos Masonry, Inc.",Construction,10001+,TX,www.brazosmasonry.com,,3913840.0,0016Q000026po8qQAA,No clear status found
Letterhead,"Technology, Information and Internet",Nov-50,FL,http://www.tryletterhead.com,,53478919.0,0016Q00001mpc3yQAA,No clear status found
DOE-Environmental Management Minority Serving Institutions Partnership Program,Research Services,10001+,DC,https://www.srs.gov/general/srnl/msipp/index.htm,,77043381.0,0016Q00001mpgc4QAA,No clear status found
Pharmachem Innovations,Food and Beverage Manufacturing,201-500,NJ,www.pharmachem.com,,104742092.0,001Kf00001552FYIAY,No clear status found
Globe Life: Zuzick Organization,Financial Services,51-200,RI,https://zuzick.com/,+1 401-359-4692,104391151.0,001Kf0000156OK1IAM,No clear status found
